last_name,first_name,player_id,year,player_age,p_formatted_ip,xba,xslg,xwoba,xobp,xiso,exit_velocity_avg,launch_angle_avg,barrel_batted_rate,
Perez, Oliver,424144,2022,40,4.0,.339,.583,.376,.358,.244,88.8,16,10,
Wainwright, Adam,425794,2022,40,191.2,.270,.419,.328,.326,.148,87.8,11,6.5,
Greinke, Zack,425844,2022,38,137.0,.284,.441,.336,.322,.157,88.9,12.6,6.8,
Molina, Yadier,425877,2022,39,2.0,.411,.624,.444,.411,.213,95.1,19.1,9.1,
Verlander, Justin,434378,2022,39,175.0,.207,.331,.255,.248,.124,87.8,16.9,6.3,
Sanchez, Anibal,434671,2022,38,69.1,.250,.411,.332,.344,.162,88.5,18.8,7.7,
Escobar, Alcides,444876,2022,35,1.2,.292,.434,.391,.434,.141,91.4,10.2,0,
Jansen, Kenley,445276,2022,34,64.0,.169,.292,.239,.247,.124,87.1,21.9,7.3,
Chavez, Jesse,445926,2022,38,69.1,.263,.415,.321,.317,.152,90.1,13.4,8.1,
Detwiler, Ross,446321,2022,36,26.1,.280,.451,.355,.361,.171,89.9,13.4,8.6,
Kluber, Corey,446372,2022,36,164.0,.261,.416,.310,.294,.155,87.1,18.5,6.9,
Hill, Rich,448179,2022,42,124.1,.240,.411,.313,.300,.171,88.2,14.9,8.2,
Doolittle, Sean,448281,2022,35,5.1,.126,.245,.157,.126,.119,95.6,24.7,9.1,
Morton, Charlie,450203,2022,38,172.0,.228,.389,.314,.315,.161,89.3,13.6,9.5,
Kennedy, Ian,453178,2022,37,50.1,.288,.514,.374,.360,.226,92.2,21.5,12.2,
Bard, Daniel,453268,2022,37,60.1,.178,.264,.247,.272,.087,87.7,7,4.7,
Scherzer, Max,453286,2022,37,145.1,.202,.339,.265,.253,.137,87.8,21.3,8.4,
Melancon, Mark,453343,2022,37,56.0,.282,.424,.336,.347,.142,89.7,10.9,6.8,
Martin, Chris,455119,2022,36,56.0,.212,.347,.250,.232,.135,88.2,12.5,8.3,
Price, David,456034,2022,36,40.1,.251,.414,.304,.292,.163,89.5,6.9,7.4,
Cueto, Johnny,456501,2022,36,158.1,.263,.408,.311,.305,.145,87.7,13.3,7.3,
Bush, Matt,456713,2022,36,59.2,.186,.317,.254,.256,.132,90.3,15.2,5.4,
Wilson, Justin,458677,2022,34,3.2,.165,.279,.187,.165,.114,93.5,7.2,16.7,
Lynn, Lance,458681,2022,35,121.2,.243,.387,.296,.286,.144,88.4,14.2,6.7,
McGee, Jake,459429,2022,35,37.0,.257,.492,.347,.314,.235,90.2,22.6,11.9,
Clippard, Tyler,461325,2022,37,5.0,.179,.299,.330,.385,.120,82.9,17.2,5.9,
Chacin, Jhoulys,468504,2022,34,47.1,.255,.431,.335,.333,.176,89.7,12,8.2,
Carrasco, Carlos,471911,2022,35,152.0,.253,.405,.313,.310,.152,88.4,9.7,7,
Garcia, Luis,472610,2022,35,61.0,.218,.298,.263,.282,.080,89,6.6,4.1,
Phelps, David,475479,2022,35,63.2,.231,.346,.307,.331,.115,88.4,16.1,5.2,
Luetge, Lucas,476595,2022,35,57.1,.245,.349,.294,.309,.104,85.2,17.6,5.3,
Kershaw, Clayton,477132,2022,34,126.1,.212,.307,.248,.251,.095,87.1,11.6,4.2,
Hunter, Tommy,488984,2022,35,22.1,.245,.466,.328,.293,.221,90.6,14,13.6,
Miley, Wade,489119,2022,35,37.0,.240,.366,.305,.315,.127,86.7,10.3,5.2,
Romo, Sergio,489265,2022,39,18.0,.262,.509,.352,.317,.247,85.6,23.4,12.1,
Stammen, Craig,489334,2022,38,40.2,.258,.412,.313,.305,.154,88.7,6.9,7,
Yates, Kirby,489446,2022,35,7.0,.200,.473,.336,.317,.273,90.1,22.9,18.2,
Ottavino, Adam,493603,2022,36,65.2,.190,.279,.240,.257,.088,84.8,7.7,3.2,
Quintana, Jose,500779,2022,33,165.2,.257,.377,.305,.312,.120,86.5,9.9,5.5,
Pineda, Michael,501381,2022,33,46.2,.299,.538,.368,.325,.240,91.8,16,10.2,
Alvarez, Jose,501625,2022,33,15.1,.294,.536,.400,.399,.242,86.9,6.9,12.2,
Smith, Joe,501925,2022,38,27.1,.273,.486,.351,.331,.212,89.3,4,10.5,
Minor, Mike,501985,2022,34,98.0,.256,.426,.330,.331,.170,88.2,19.1,8.4,
Archer, Chris,502042,2022,33,102.2,.260,.410,.337,.347,.150,89.5,11,8.6,
Gibson, Kyle,502043,2022,34,167.2,.262,.420,.326,.320,.158,88.5,10.6,7.5,
Robertson, David,502085,2022,37,63.2,.176,.302,.273,.295,.126,88.6,12.8,7.6,
Cobb, Alex,502171,2022,34,149.2,.235,.329,.277,.291,.094,89.2,1.8,3.7,
Espino, Paolo,502179,2022,35,113.1,.271,.469,.336,.309,.198,89.3,14.4,7.9,
Boxberger, Brad,502202,2022,34,64.0,.211,.350,.289,.298,.138,86.4,19.1,6.4,
Anderson, Chase,502624,2022,34,24.0,.193,.291,.301,.341,.098,84.2,9.3,6.5,
O'Day, Darren,503285,2022,39,21.2,.193,.291,.257,.288,.098,85.6,18.6,5.3,
Peralta, Wily,503449,2022,33,38.1,.234,.339,.315,.349,.106,88.8,11.1,4.5,
Darvish, Yu,506433,2022,35,194.2,.227,.388,.291,.275,.161,88.5,17,8.8,
Colome, Alex,517008,2022,33,47.0,.290,.484,.365,.363,.193,90.2,1.4,10,
Alexander, Scott,518397,2022,32,17.1,.211,.324,.240,.224,.113,84.5,-11,5.8,
Brasier, Ryan,518489,2022,34,62.1,.249,.434,.309,.286,.185,90.7,11.5,8.6,
Bumgarner, Madison,518516,2022,32,158.2,.276,.488,.358,.337,.211,90.3,16.8,9.8,
Cishek, Steve,518553,2022,36,66.1,.233,.393,.329,.340,.161,87.3,15,8.7,
Cruz, Fernando,518585,2022,32,14.2,.195,.285,.285,.321,.090,87.8,11.8,3,
Diekman, Jake,518617,2022,35,57.2,.209,.349,.319,.354,.139,89.8,15.9,7.1,
Grimm, Justin,518748,2022,33,15.1,.273,.400,.347,.367,.128,85.9,12,9.8,
Holland, Greg,518813,2022,36,4.2,.319,.765,.475,.365,.447,95.2,3.7,28.6,
Kelly, Merrill,518876,2022,33,200.1,.230,.383,.296,.291,.153,88.5,14,8.3,
Kimbrel, Craig,518886,2022,34,60.0,.205,.349,.292,.305,.144,90.7,16,9,
McFarland, T.J.,519008,2022,33,32.2,.312,.486,.374,.374,.173,92.5,4.1,7.8,
Moore, Matt,519043,2022,33,74.0,.187,.288,.263,.290,.101,87.7,15.2,4.4,
Pressly, Ryan,519151,2022,33,48.1,.202,.315,.253,.254,.114,89,9.1,5.8,
Sale, Chris,519242,2022,33,5.2,.278,.362,.313,.336,.083,84,4.1,5.6,
Smith, Will,519293,2022,32,59.0,.224,.356,.294,.306,.132,88.9,17.5,5.9,
Strickland, Hunter,519326,2022,33,62.1,.254,.447,.354,.358,.193,89.8,17.6,9.8,
Baez, Pedro,520980,2022,34,2.1,.346,.537,.453,.482,.191,90,12.2,9.1,
Hendriks, Liam,521230,2022,33,57.2,.182,.315,.252,.249,.133,90.5,17.8,9.1,
Kelly, Joe,523260,2022,34,37.0,.190,.272,.277,.314,.082,85.9,-0.7,3.3,
Perez, Martin,527048,2022,31,196.1,.242,.346,.295,.311,.105,88.2,8.1,4.3,
Vizcaino, Arodys,527055,2022,31,5.2,.292,.568,.440,.463,.276,94.3,14.7,10.5,
Castellanos, Humberto,528748,2022,24,44.1,.281,.470,.353,.339,.189,89.6,16.5,6.9,
Ramirez, Erasmo,541640,2022,32,86.1,.247,.366,.291,.291,.119,88.7,11.9,4.9,
Bethancourt, Christian,542194,2022,30,4.0,.318,.539,.385,.354,.221,88.9,25.9,5.9,
Cisnero, Jose,542585,2022,33,25.0,.216,.281,.307,.365,.065,85.7,12.2,0,
Anderson, Tyler,542881,2022,32,178.2,.225,.350,.275,.272,.124,85,16.9,4.9,
Armstrong, Shawn,542888,2022,31,61.2,.227,.356,.282,.288,.129,87.4,10.6,7.7,
Bass, Anthony,542914,2022,34,70.1,.219,.336,.272,.276,.117,87.6,14.3,6,
Bleier, Richard,542947,2022,35,50.2,.273,.394,.302,.308,.121,89.6,4.3,4.5,
Cole, Gerrit,543037,2022,31,200.2,.214,.383,.284,.266,.169,89.4,12.6,9.5,
Coulombe, Danny,543056,2022,32,12.1,.196,.248,.274,.329,.052,83.8,13.9,0,
DeSclafani, Anthony,543101,2022,32,19.0,.297,.479,.357,.338,.181,91.6,14,6.9,
Eovaldi, Nathan,543135,2022,32,109.1,.258,.449,.321,.292,.191,89.7,10.7,10.7,
Gose, Anthony,543238,2022,31,21.0,.208,.465,.344,.335,.257,92.9,23.4,22.4,
Gray, Sonny,543243,2022,32,119.2,.240,.366,.298,.305,.126,88.1,12.1,5.5,
Hand, Brad,543272,2022,32,45.0,.232,.367,.324,.349,.135,87.2,14.3,5.3,
Harrison, Josh,543281,2022,34,3.0,.311,.477,.377,.388,.166,90.1,15.8,7.1,
Hendricks, Kyle,543294,2022,32,84.1,.270,.466,.345,.326,.196,87.5,16.5,9.9,
Hudson, Daniel,543339,2022,35,24.1,.215,.300,.259,.272,.086,88.3,8.3,3.3,
Lyles, Jordan,543475,2022,31,179.0,.267,.452,.341,.325,.184,88.6,15.3,10.4,
May, Trevor,543507,2022,32,25.0,.226,.386,.297,.288,.161,89.4,19.5,9.7,
McHugh, Collin,543521,2022,35,69.1,.223,.341,.273,.276,.117,86.6,15.3,5.1,
Milone, Tommy,543548,2022,35,16.2,.283,.483,.356,.347,.200,87.6,23.4,7,
Odorizzi, Jake,543606,2022,32,106.1,.255,.398,.314,.316,.143,87.8,19.8,7.3,
Shaw, Bryan,543766,2022,34,58.1,.258,.420,.335,.342,.162,90.8,8.3,6.7,
Weber, Ryan,543901,2022,31,10.2,.303,.443,.332,.322,.140,90,6.3,6.1,
Banuelos, Manny,544365,2022,31,41.0,.230,.325,.299,.335,.095,85.6,7.2,3.7,
Familia, Jeurys,544727,2022,32,44.1,.267,.418,.339,.353,.151,90.8,7.5,10.1,
Strasburg, Stephen,544931,2022,33,4.2,.238,.415,.336,.338,.177,86.6,16.2,6.7,
Head, Louis,545343,2022,32,28.2,.244,.390,.332,.354,.146,91,18.2,5.5,
Poteet, Cody,547001,2022,27,28.0,.266,.427,.335,.338,.161,91.3,6.9,6.1,
Lorenzen, Michael,547179,2022,30,97.2,.233,.362,.307,.322,.129,88.1,9.7,6.8,
Kelly, Michael,547184,2022,29,4.0,.251,.372,.324,.344,.122,83.5,29.5,10,
Ryu, Hyun Jin,547943,2022,35,27.0,.290,.502,.350,.315,.212,91.1,11.2,9.7,
Chapman, Aroldis,547973,2022,34,36.1,.213,.360,.326,.355,.147,87.5,16.6,6.9,
Raley, Brooks,548384,2022,34,53.2,.207,.288,.261,.283,.081,86.7,12.3,2.2,
Stripling, Ross,548389,2022,32,134.1,.251,.395,.294,.281,.144,88.9,12.2,9.2,
Kittredge, Andrew,552640,2022,32,20.0,.213,.387,.268,.234,.175,88.4,11.5,8.5,
Garcia, Yimi,554340,2022,31,61.0,.208,.338,.266,.270,.130,86.5,18.9,6.5,
Wheeler, Zack,554430,2022,32,153.0,.226,.343,.275,.278,.117,85.9,11.4,7.7,
Matzek, Tyler,554431,2022,31,43.2,.216,.363,.319,.346,.148,88.9,20.5,7.7,
Rodriguez, Joely,570257,2022,30,50.1,.228,.327,.296,.325,.099,85.3,5,3.8,
Valdez, Phillips,570488,2022,30,16.1,.220,.316,.316,.358,.097,87.4,8.3,4.3,
Urena, Jose,570632,2022,30,97.0,.271,.428,.341,.345,.157,88.2,7.3,6.8,
Robles, Hansel,570663,2022,31,24.2,.275,.519,.383,.369,.244,92.7,13.1,11.8,
Cessa, Luis,570666,2022,30,80.2,.253,.429,.325,.317,.176,89.7,8.4,9.3,
Alvarez, R.J.,571439,2022,31,2.1,.371,.953,.583,.516,.582,89.7,17.9,25,
Appel, Mark,571446,2022,30,10.1,.241,.313,.276,.298,.072,91.5,6.4,6.3,
Bellatti, Andrew,571479,2022,30,54.1,.207,.359,.297,.301,.152,88.3,20.2,12.7,
Boyd, Matthew,571510,2022,31,13.1,.188,.269,.257,.328,.081,82.3,15.8,3.2,
Corbin, Patrick,571578,2022,32,152.2,.304,.520,.381,.359,.216,90.8,11.5,11,
Farmer, Buck,571656,2022,31,47.0,.212,.324,.292,.317,.112,88.2,14.4,5,
Floro, Dylan,571670,2022,31,53.2,.232,.344,.273,.284,.112,87.4,8.6,5.1,
Giles, Ken,571704,2022,31,4.1,.179,.234,.268,.324,.056,92.9,15,12.5,
Givens, Mychal,571710,2022,32,61.1,.226,.372,.299,.314,.146,87.6,11.9,8.2,
Heaney, Andrew,571760,2022,31,72.2,.203,.373,.287,.276,.170,91.2,17.8,11,
Hutchison, Drew,571800,2022,31,105.1,.276,.460,.354,.347,.184,90.3,14.3,8.8,
Koch, Matt,571863,2022,31,4.1,.284,.546,.370,.321,.262,89,25.5,13.3,
Law, Derek,571882,2022,31,19.2,.274,.412,.336,.349,.138,84.7,7.6,9.2,
Loup, Aaron,571901,2022,34,58.2,.257,.385,.322,.343,.128,88,6.5,5.6,
Markel, Parker,571917,2022,31,3.0,.213,.426,.431,.516,.213,102.4,16.4,20,
Matz, Steven,571927,2022,31,48.0,.253,.377,.297,.297,.123,88.4,13.9,9.2,
Mikolas, Miles,571945,2022,33,202.1,.252,.400,.306,.294,.148,87.8,11,6.9,
Miller, Shelby,571946,2022,31,7.0,.177,.234,.215,.260,.056,90.3,23.5,0,
Milner, Hoby,571948,2022,31,64.2,.235,.343,.287,.296,.108,85.1,6.1,3.2,
Myers, Wil,571976,2022,31,3.2,.277,.636,.381,.305,.360,90.7,31.4,13.3,
Richards, Garrett,572070,2022,34,42.2,.258,.416,.324,.322,.158,89.3,8.7,7.5,
Selman, Sam,572125,2022,31,18.1,.218,.396,.297,.281,.178,88,17.2,7.8,
Taylor, Michael A.,572191,2022,31,2.0,.323,.615,.447,.427,.292,91.9,13.7,22.2,
Tepera, Ryan,572193,2022,34,57.1,.217,.349,.281,.292,.132,87.4,16.1,5.5,
VerHagen, Drew,572403,2022,31,21.2,.284,.488,.378,.385,.204,88.3,18.1,9.6,
Bard, Luke,572703,2022,31,15.0,.291,.398,.360,.401,.107,88.7,14.5,4.8,
Greene, Shane,572888,2022,33,3.0,.263,.511,.359,.320,.248,88.6,30.7,10,
Johnson, Pierce,572955,2022,31,14.1,.192,.248,.254,.293,.057,86.8,9.9,0,
Keuchel, Dallas,572971,2022,34,60.2,.289,.461,.357,.360,.172,88.8,5.5,8.8,
Mantiply, Joe,573009,2022,31,60.0,.243,.369,.280,.270,.125,86.5,5.4,4,
Rogers, Taylor,573124,2022,31,64.1,.234,.392,.314,.319,.158,88.6,12.7,8.8,
Stroman, Marcus,573186,2022,31,138.2,.254,.389,.308,.306,.136,89,7,6.6,
Thielbar, Caleb,573204,2022,35,59.1,.193,.308,.249,.251,.115,84.9,21.5,6.8,
Minaya, Juan,573668,2022,31,9.2,.183,.244,.278,.328,.061,88.7,4.5,0,
Kikuchi, Yusei,579328,2022,31,100.2,.247,.463,.361,.359,.216,91.6,10,14.8,
Adam, Jason,592094,2022,30,63.1,.162,.257,.226,.242,.095,85.2,14.4,5.1,
Brice, Austin,592169,2022,30,6.2,.218,.274,.268,.305,.056,85.5,8.3,5.3,
Claudio, Alex,592222,2022,30,3.1,.179,.211,.250,.305,.032,85.1,3.3,0,
Gausman, Kevin,592332,2022,31,174.2,.242,.380,.285,.272,.138,89,12.2,8.1,
Gonzalez, Chi Chi,592346,2022,30,23.0,.286,.497,.362,.337,.211,88.7,12.6,9.1,
Gray, Jon,592351,2022,30,127.1,.230,.367,.295,.296,.137,88,11.1,6.1,
Hembree, Heath,592390,2022,33,22.0,.297,.555,.407,.406,.258,90.7,24.2,15.1,
Kahnle, Tommy,592454,2022,32,12.2,.155,.249,.242,.262,.094,82.3,-5.2,7.7,
Kolarek, Adam,592473,2022,33,17.2,.255,.381,.334,.359,.125,87.5,0.5,5.1,
Ray, Robbie,592662,2022,30,189.0,.223,.373,.295,.292,.150,89.7,14.7,7.9,
Sadzeck, Connor,592712,2022,30,3.0,.261,.682,.422,.318,.421,88.8,35.9,20,
Sampson, Adrian,592716,2022,30,104.1,.266,.422,.324,.316,.156,87.9,13.6,6.7,
Sanchez, Aaron,592717,2022,29,60.0,.278,.418,.328,.332,.140,92.4,8,5.9,
Shreve, Chasen,592741,2022,31,26.1,.263,.451,.340,.329,.188,89.5,14.9,12,
Smith, Caleb,592761,2022,30,70.0,.211,.366,.305,.316,.156,86,24.1,6.6,
Smyly, Drew,592767,2022,33,106.1,.249,.416,.316,.302,.167,86.7,16.3,8.6,
Stanek, Ryne,592773,2022,30,54.2,.195,.308,.279,.305,.113,88.9,15,3.8,
Syndergaard, Noah,592789,2022,29,134.2,.265,.420,.325,.312,.156,87.1,12.3,7.8,
Taillon, Jameson,592791,2022,30,177.1,.260,.432,.317,.297,.172,88.5,14.5,8.3,
Thornburg, Tyler,592804,2022,33,19.0,.188,.292,.275,.300,.104,88.6,21.3,1.6,
Velasquez, Vince,592826,2022,30,75.1,.243,.456,.332,.307,.213,91.6,19.7,13,
Walker, Taijuan,592836,2022,29,157.1,.245,.395,.308,.305,.150,89.3,11.3,7.3,
Weiss, Zack,592848,2022,30,13.1,.168,.270,.243,.288,.102,88.3,22.4,10,
Wick, Rowan,592858,2022,29,64.0,.279,.461,.353,.351,.182,88.5,11.6,10.3,
Williams, Trevor,592866,2022,30,89.2,.232,.393,.298,.288,.161,87.8,18.3,7.7,
Feliz, Michael,593140,2022,29,3.1,.242,.513,.402,.404,.271,88.6,-2.8,14.3,
German, Domingo,593334,2022,29,72.1,.237,.389,.302,.296,.152,89.4,16.7,6.9,
Montas, Frankie,593423,2022,29,144.1,.242,.396,.311,.305,.155,87.6,11.2,8,
Neris, Hector,593576,2022,33,65.1,.216,.348,.283,.285,.132,89.7,16.6,6.8,
Tapia, Domingo,593619,2022,30,17.0,.244,.368,.340,.379,.124,89.9,10.5,4.8,
Alberto, Hanser,593643,2022,29,11.0,.254,.467,.334,.313,.213,90.4,26.6,9.5,
Rodriguez, Eduardo,593958,2022,29,91.0,.249,.400,.317,.318,.151,87.5,12.6,7.1,
Peralta, Wandy,593974,2022,30,56.1,.210,.290,.255,.275,.080,85.5,7.6,4.4,
Gustave, Jandel,594311,2022,29,28.0,.228,.380,.310,.314,.152,90.8,10.7,6.3,
Mayers, Mike,594577,2022,30,50.2,.263,.487,.352,.329,.224,91.2,16.9,12.7,
Moll, Sam,594580,2022,30,43.1,.204,.306,.269,.309,.102,87.6,9.5,5.2,
deGrom, Jacob,594798,2022,34,64.1,.182,.333,.234,.209,.151,89.3,15.2,9.3,
Gonzales, Marco,594835,2022,30,183.0,.267,.435,.330,.320,.169,86.7,14.5,7.2,
Treinen, Blake,595014,2022,34,5.0,.198,.344,.259,.245,.146,84.9,4.8,10,
Eickhoff, Jerad,595191,2022,31,4.1,.334,.590,.427,.420,.257,87.4,9.6,10.5,
Okert, Steven,595345,2022,30,51.1,.192,.294,.280,.314,.102,86.8,19.9,5.6,
Beede, Tyler,595881,2022,29,61.1,.269,.411,.338,.356,.141,88.7,9.1,5.2,
Ellis, Chris,595939,2022,29,4.1,.270,.337,.387,.474,.067,83.7,3.8,0,
Junis, Jakob,596001,2022,29,112.0,.262,.415,.316,.307,.153,88.9,12.1,7.4,
Mengden, Daniel,596043,2022,29,7.0,.316,.505,.354,.328,.190,88,12.1,13,
Norris, Daniel,596057,2022,29,58.2,.228,.394,.327,.337,.166,89.1,12,10.8,
Peters, Dillon,596071,2022,29,39.1,.253,.417,.327,.330,.163,88.8,13.8,6.6,
Reed, Jake,596082,2022,29,16.2,.236,.403,.335,.345,.167,89.2,14.3,5.7,
Stephenson, Robert,596112,2022,29,58.0,.267,.474,.336,.310,.208,90.6,21,9,
Stubbs, Garrett,596117,2022,29,3.2,.375,.706,.476,.410,.331,92.7,10.2,18.8,
Weaver, Luke,596133,2022,28,35.2,.292,.450,.356,.358,.158,91.5,11.2,10.8,
Lawrence, Casey,596271,2022,34,18.0,.293,.510,.365,.335,.218,86.5,11.3,12.7,
Gomber, Austin,596295,2022,28,124.2,.267,.440,.330,.316,.173,88.1,12.4,8.5,
Barnes, Matt,598264,2022,32,39.2,.229,.382,.320,.335,.153,91.1,11.1,8.5,
Ramirez, Noe,598287,2022,32,50.0,.218,.394,.316,.324,.176,87.8,14.8,8.9,
Leclerc, Jose,600917,2022,28,47.2,.188,.323,.278,.287,.135,86.6,24.2,6.7,
Machado, Andres,600921,2022,29,59.1,.272,.448,.352,.353,.176,89.5,9.9,8.6,
Pivetta, Nick,601713,2022,29,179.2,.248,.433,.332,.324,.185,90.7,15.2,9,
Barlow, Scott,605130,2022,29,74.1,.201,.337,.269,.270,.136,86.4,11.6,6.9,
Bassitt, Chris,605135,2022,33,181.2,.228,.359,.290,.291,.132,85.7,10.8,6.6,
Bradley, Archie,605151,2022,29,18.2,.221,.365,.286,.292,.144,87.3,4.2,7.1,
Brebbia, John,605154,2022,32,68.0,.237,.384,.291,.286,.148,87.8,17.1,6.5,
Brooks, Aaron,605156,2022,32,9.1,.336,.690,.456,.382,.354,91.1,7.9,24.2,
Bundy, Dylan,605164,2022,29,140.0,.263,.440,.322,.300,.177,88.9,18.6,8.9,
Chafin, Andrew,605177,2022,32,57.1,.203,.320,.267,.274,.117,87.5,11,8.4,
Clevinger, Mike,605182,2022,31,114.1,.247,.435,.332,.318,.188,88.2,18.8,9.5,
Cotton, Jharel,605194,2022,30,43.0,.219,.376,.304,.311,.157,88.6,23.9,7.5,
Crick, Kyle,605195,2022,29,15.2,.226,.309,.323,.379,.082,86.2,14,2.9,
Davies, Zach,605200,2022,29,134.1,.250,.430,.329,.321,.180,87.4,13,8,
Edwards Jr., Carl,605218,2022,30,62.0,.213,.340,.284,.292,.128,87.7,12.2,4.6,
Fulmer, Michael,605242,2022,29,63.2,.235,.356,.302,.327,.121,88.3,16.8,4.4,
Holmes, Clay,605280,2022,29,63.2,.186,.246,.243,.278,.060,89,-8.1,1.8,
Houser, Adrian,605288,2022,29,102.2,.272,.422,.341,.349,.150,88.7,10.3,5.6,
Lopez, Jorge,605347,2022,29,71.0,.211,.323,.284,.313,.112,87.3,1.7,4.8,
Musgrove, Joe,605397,2022,29,181.0,.225,.351,.282,.284,.126,86.4,11.7,6,
Nola, Aaron,605400,2022,29,205.0,.211,.340,.259,.248,.129,87.7,12.5,7.1,
Rodriguez, Dereck,605446,2022,30,7.2,.268,.532,.377,.359,.264,86.2,9.1,7.7,
Romano, Jordan,605447,2022,29,64.0,.223,.348,.284,.299,.125,90.3,12.5,6.9,
Scott, Tayler,605463,2022,30,12.0,.284,.407,.339,.357,.123,88.8,11.8,5,
Snell, Blake,605483,2022,29,128.0,.207,.337,.279,.286,.130,90.1,17.1,7.4,
Springs, Jeffrey,605488,2022,29,135.1,.231,.364,.282,.276,.134,87.5,14.9,5.9,
Thompson, Zach,605507,2022,28,121.2,.281,.444,.347,.346,.163,88.3,11.3,6.4,
Warren, Art,605521,2022,29,36.0,.229,.416,.337,.345,.188,90.3,17.3,11.9,
Wendelken, J.B.,605525,2022,29,29.0,.299,.478,.379,.386,.179,87.9,13.4,7,
Wisler, Matt,605538,2022,29,44.0,.199,.385,.281,.263,.186,87.5,27.3,11.8,
Woodruff, Brandon,605540,2022,29,153.1,.212,.349,.277,.273,.137,88.8,16.8,7.1,
Castro, Harold,605612,2022,28,4.0,.367,.515,.408,.424,.148,97.8,18.7,0,
Perdomo, Luis,606131,2022,29,23.2,.281,.471,.340,.311,.190,89.5,2.2,8.8,
Gallegos, Giovanny,606149,2022,30,59.0,.194,.354,.267,.255,.160,89.8,24,9,
Montero, Rafael,606160,2022,31,68.1,.204,.291,.257,.279,.087,86.3,7.9,2.9,
Elias, Roenis,606273,2022,33,7.2,.201,.290,.256,.274,.089,87.9,12.6,4.2,
Payamps, Joel,606303,2022,28,55.2,.243,.394,.305,.302,.151,89,6.5,7.7,
Garcia, Jarlin,606424,2022,29,65.0,.247,.435,.320,.302,.188,88.8,16.7,10.8,
Moronta, Reyes,606625,2022,29,37.2,.192,.329,.282,.295,.137,86.4,23.4,6.8,
Barnes, Jacob,606930,2022,32,22.1,.258,.413,.336,.343,.155,90,6.6,6.8,
Devenski, Chris,606965,2022,31,14.2,.275,.495,.346,.297,.220,91.7,15.4,15.1,
Hager, Jake,606993,2022,29,2.1,.363,.498,.377,.363,.136,79.1,17.1,0,
Rodon, Carlos,607074,2022,29,178.0,.198,.309,.254,.260,.111,89,19.4,6.5,
Weems, Jordan,607179,2022,29,39.2,.225,.381,.287,.280,.156,90.6,20.6,7.1,
Glasnow, Tyler,607192,2022,28,6.2,.261,.534,.364,.318,.274,100.4,14.9,21.4,
Fedde, Erick,607200,2022,29,127.0,.284,.451,.356,.356,.167,89.5,13.4,8.1,
Krehbiel, Joey,607216,2022,29,57.2,.245,.411,.313,.307,.166,86.8,13.4,7.3,
Gsellman, Robert,607229,2022,28,15.1,.321,.578,.400,.353,.257,90.2,10.9,13.5,
Garrett, Amir,607237,2022,30,45.1,.194,.277,.296,.346,.083,88.3,17.8,6.4,
Martinez, Nick,607259,2022,31,106.1,.233,.372,.304,.311,.139,86.5,11.5,8.1,
Patton, Spencer,607359,2022,34,7.0,.188,.294,.288,.324,.106,87.6,11.6,5.3,
Mazza, Chris,607391,2022,32,5.1,.361,.672,.503,.507,.311,89.7,14.1,13.6,
Banda, Anthony,607455,2022,28,26.2,.277,.431,.343,.356,.154,84.9,15.1,6.7,
Barraclough, Kyle,607457,2022,32,9.0,.241,.435,.324,.317,.193,91.1,21.7,16.7,
Bummer, Aaron,607481,2022,28,26.2,.257,.356,.309,.332,.099,90.2,-3.5,6.7,
Freeland, Kyle,607536,2022,29,174.2,.271,.455,.346,.337,.184,89.8,12.7,9.7,
Howard, Sam,607572,2022,29,2.0,.257,.498,.479,.567,.241,84.9,12.5,16.7,
Ladwig, A.J.,607609,2022,29,3.1,.438,.996,.600,.438,.558,91.7,12.8,20,
Lugo, Seth,607625,2022,32,65.0,.232,.369,.290,.290,.138,88.5,10.9,8.2,
Means, John,607644,2022,29,8.0,.289,.418,.323,.324,.129,88.5,17.2,4,
Vasquez, Andrew,607755,2022,28,8.2,.225,.371,.335,.367,.146,89.4,6.2,4.5,
Estevez, Carlos,608032,2022,29,57.0,.239,.402,.316,.317,.163,89.6,17.6,7.6,
De Jong, Chase,608328,2022,28,71.2,.214,.384,.306,.307,.171,88.4,20.3,8.6,
Fried, Max,608331,2022,28,185.1,.227,.328,.264,.266,.101,86.2,7.6,4,
Giolito, Lucas,608337,2022,27,161.2,.249,.397,.318,.319,.149,88.8,12.6,7.5,
Irvin, Cole,608344,2022,28,181.0,.258,.451,.324,.301,.192,89.4,15.5,9.6,
Kelly, Carson,608348,2022,27,4.2,.323,.482,.375,.380,.158,92.1,27.5,4.5,
Knebel, Corey,608349,2022,30,44.2,.217,.346,.303,.334,.129,88.7,15,5.7,
Sims, Lucas,608371,2022,28,6.2,.229,.345,.341,.397,.115,87.9,7.4,5.3,
Wacha, Michael,608379,2022,30,127.1,.254,.446,.329,.306,.192,88.2,12.8,9.6,
Marquez, German,608566,2022,27,181.2,.256,.423,.327,.321,.167,90.5,9.1,7.1,
Chargois, JT,608638,2022,31,22.1,.183,.313,.252,.250,.130,87.2,2.8,6.5,
Duffey, Tyler,608648,2022,31,44.0,.295,.471,.358,.355,.176,90.2,9.6,8.5,
Farrell, Luke,608652,2022,31,15.0,.287,.466,.361,.360,.179,91.2,19,8.2,
Graveman, Kendall,608665,2022,31,65.0,.239,.337,.292,.316,.098,88.1,6,4.2,
Leone, Dominic,608678,2022,30,49.1,.238,.372,.300,.320,.134,89.9,16.2,6.2,
Steckenrider, Drew,608716,2022,31,14.1,.360,.574,.423,.407,.214,88.8,16.5,11.3,
Stratton, Chris,608717,2022,31,63.1,.256,.390,.315,.327,.134,89.7,12.8,5.7,
Suter, Brent,608718,2022,32,66.2,.242,.358,.300,.313,.116,85.7,12.9,5.7,
Voth, Austin,608723,2022,30,101.2,.256,.421,.324,.314,.165,88.4,16.6,8.5,
Bracho, Silvino,611093,2022,29,4.1,.259,.597,.401,.341,.338,91.2,14.1,16.7,
Castro, Miguel,612434,2022,27,29.0,.252,.389,.339,.362,.136,88.3,10.9,11.3,
Ruiz, Jose,614179,2022,27,60.2,.229,.403,.321,.323,.174,89.1,12.8,8.5,
Quantrill, Cal,615698,2022,27,186.1,.258,.417,.321,.313,.159,87.6,13.8,7.5,
Sawamura, Hirokazu,617228,2022,34,50.2,.252,.392,.321,.340,.139,88.9,8.8,7.1,
Torrens, Luis,620443,2022,26,2.0,.341,.726,.473,.339,.385,91,16,10,
Schrock, Max,621011,2022,27,1.0,.523,1.036,.653,.523,.513,97.1,18.5,20,
Cuas, Jose,621016,2022,28,37.2,.241,.333,.322,.370,.092,85.8,5.2,3.4,
Wilson, Steven,621051,2022,27,53.0,.182,.306,.263,.272,.124,87.6,26,7.2,
Rucker, Michael,621074,2022,28,54.2,.230,.376,.297,.298,.146,89.8,13.4,8.2,
Kaprielian, James,621076,2022,28,134.0,.254,.416,.332,.336,.162,88.4,16.9,8,
Wiles, Collin,621079,2022,28,9.2,.246,.369,.297,.302,.123,87.4,4.7,6.9,
Lemoine, Jake,621082,2022,28,16.1,.231,.396,.304,.303,.165,91.1,14.7,7.4,
Eflin, Zach,621107,2022,28,75.2,.227,.364,.282,.276,.137,85.3,10.5,6.1,
Buehler, Walker,621111,2022,27,65.0,.258,.418,.320,.310,.161,87.9,7.2,6.6,
Blackburn, Paul,621112,2022,28,111.1,.259,.401,.315,.315,.142,88.2,9,7,
Burr, Ryan,621114,2022,28,9.0,.278,.533,.380,.352,.255,92,3.1,14.3,
McCullers Jr., Lance,621121,2022,28,47.2,.224,.342,.294,.310,.118,87.7,8,4.9,
Mills, Alec,621219,2022,30,17.2,.319,.642,.420,.365,.322,91.1,18,11.9,
Alvarado, Jose,621237,2022,27,51.0,.187,.275,.249,.282,.088,87.2,3,6.5,
Diaz, Edwin,621242,2022,28,62.0,.149,.205,.202,.223,.056,85.5,10.4,4.1,
Berrios, Jose,621244,2022,28,172.0,.275,.466,.346,.329,.191,90,13.9,9.5,
Garza Jr., Ralph,621248,2022,28,35.0,.293,.453,.361,.377,.160,87.3,10.4,6.8,
Underwood Jr., Duane,621249,2022,27,57.1,.256,.354,.314,.342,.098,87.8,7.3,3.5,
Wittgren, Nick,621295,2022,31,29.0,.263,.366,.317,.341,.103,89,14.2,1,
Minter, A.J.,621345,2022,28,70.0,.182,.304,.242,.237,.122,88.3,18,8.8,
Clay, Sam,621348,2022,29,5.1,.209,.318,.371,.444,.108,95.3,-8.8,6.3,
Poche, Colin,621363,2022,28,58.2,.215,.365,.292,.288,.150,86,22.3,8.9,
Borucki, Ryan,621366,2022,28,25.1,.281,.472,.368,.366,.192,88.1,8.1,10.4,
Hearn, Taylor,621368,2022,27,100.0,.265,.420,.337,.341,.155,89.5,15.1,9.8,
Strahm, Matt,621381,2022,30,44.2,.204,.346,.285,.294,.142,87.5,18.3,7.6,
Banks, Tanner,621383,2022,30,53.0,.252,.384,.313,.318,.131,88.1,9.6,7.4,
Blach, Ty,621389,2022,31,44.1,.274,.403,.313,.320,.129,87.4,13.6,6,
Phillips, Brett,621433,2022,28,4.0,.426,1.176,.674,.478,.751,91.5,24.4,35,
Castro, Anthony,621593,2022,27,13.1,.321,.600,.440,.425,.280,88.5,9.1,14,
Young, Alex,622065,2022,28,26.2,.249,.335,.297,.326,.085,88.9,7.3,2.4,
Wood, Alex,622072,2022,31,130.2,.248,.398,.310,.305,.150,88.6,8.5,7.1,
Almonte, Yency,622075,2022,28,35.1,.205,.307,.271,.291,.102,83.4,11.1,4.5,
Smith, Drew,622098,2022,28,46.0,.222,.409,.302,.284,.187,90.1,19.5,11.8,
Reyes Jr., Gerardo,622103,2022,29,2.0,.238,.292,.344,.429,.054,88.1,36,0,
Sborz, Josh,622250,2022,28,22.1,.266,.443,.342,.344,.177,92.1,18.8,10.5,
Staumont, Josh,622251,2022,28,37.2,.247,.392,.342,.372,.145,90.2,18.6,5.8,
Tate, Dillon,622253,2022,28,73.2,.227,.338,.277,.287,.111,87.1,0,5.3,
Castillo, Luis,622379,2022,27,3.2,.230,.306,.232,.230,.076,94.5,2.4,10,
Castillo, Luis,622491,2022,29,150.1,.223,.344,.284,.291,.120,89,10.4,6.9,
Crismatt, Nabil,622503,2022,27,67.1,.234,.350,.291,.302,.116,87.7,7.8,5.2,
Dominguez, Seranthony,622554,2022,27,51.0,.214,.337,.286,.301,.123,90.2,8.9,8.1,
Senzatela, Antonio,622608,2022,27,92.1,.311,.447,.350,.354,.136,89.9,6.7,4.5,
Severino, Luis,622663,2022,28,102.0,.203,.328,.268,.270,.125,89.4,11,6.9,
Hernandez, Elieser,622694,2022,27,62.1,.233,.475,.337,.306,.242,89.4,24.1,13,
Diaz, Miguel,622766,2022,27,3.2,.067,.086,.156,.200,.019,84.7,6.1,0,
Tinoco, Jesus,622786,2022,27,20.2,.210,.334,.292,.313,.124,87.8,14.6,5.5,
Sewald, Paul,623149,2022,32,64.0,.189,.319,.254,.262,.130,86.3,20.6,9.4,
Flexen, Chris,623167,2022,27,137.2,.256,.430,.331,.324,.174,89.1,18.4,9,
Brazoban, Huascar,623211,2022,32,32.0,.201,.311,.296,.333,.109,83.2,7.3,5.1,
Hader, Josh,623352,2022,28,50.0,.196,.359,.292,.290,.162,87.7,16.4,11.5,
Topa, Justin,623437,2022,31,7.1,.248,.364,.303,.334,.117,87,-8.4,3.7,
Stephens, Jackson,623451,2022,28,53.2,.248,.361,.305,.331,.114,87,8.8,4.9,
Phillips, Evan,623465,2022,27,63.0,.175,.266,.231,.242,.091,86.1,15,4.3,
Herget, Jimmy,623474,2022,28,69.0,.216,.343,.267,.270,.127,88.1,15,6.5,
Goudeau, Ashton,623485,2022,29,20.1,.263,.382,.331,.345,.119,91,18.3,5.9,
Suarez, Ranger,624133,2022,26,155.1,.241,.368,.302,.311,.127,87.5,5.1,6.8,
Castellani, Ryan,624418,2022,26,2.2,.294,.486,.331,.294,.192,92.5,5.1,10,
Gordon, Nick,624503,2022,26,3.2,.305,.498,.400,.416,.193,90,29.4,9.5,
Thompson, Keegan,624522,2022,27,115.0,.241,.413,.326,.323,.172,89,13.2,8.6,
Lopez, Reynaldo,625643,2022,28,65.1,.229,.327,.267,.268,.099,89.4,15.3,5.1,
Iglesias, Raisel,628452,2022,32,62.0,.214,.360,.275,.268,.147,87.3,17.5,10.6,
Marte, Yunior,628708,2022,27,48.0,.238,.326,.304,.337,.089,86.8,9.5,3.5,
Urias, Julio,628711,2022,25,175.0,.205,.332,.262,.258,.128,86.7,17.2,6.7,
Chirinos, Yonny,630023,2022,28,7.0,.226,.330,.271,.278,.104,90.8,-2.5,4.5,
Crowe, Wil,640444,2022,27,76.0,.248,.364,.317,.340,.116,87.6,10,4.9,
Finnegan, Kyle,640448,2022,30,66.2,.222,.364,.283,.285,.142,90.2,8.3,8,
Harvey, Hunter,640451,2022,27,39.1,.205,.311,.260,.267,.105,90.4,14.5,5,
Manaea, Sean,640455,2022,30,158.0,.240,.407,.312,.302,.167,90.3,16.3,9.1,
Puk, A.J.,640462,2022,27,66.1,.222,.358,.299,.315,.136,86.9,11.4,8.8,
Alzolay, Adbert,640470,2022,27,13.1,.179,.295,.233,.227,.116,85.7,16.7,10,
Lopez, Pablo,641154,2022,26,180.0,.239,.378,.301,.302,.138,87.9,11,9,
Alexander, Tyler,641302,2022,27,101.0,.282,.497,.355,.327,.215,88.9,16.9,11.2,
Baker, Bryan,641329,2022,27,69.2,.226,.318,.280,.303,.092,89.8,13.3,4.8,
Bickford, Phil,641360,2022,26,61.0,.211,.403,.290,.262,.193,88.8,18.4,11.6,
Brentz, Jake,641394,2022,27,5.1,.351,.505,.467,.544,.154,89.4,18.2,5.6,
Brogdon, Connor,641401,2022,27,44.0,.224,.358,.278,.273,.133,87.4,18.8,6.3,
Castano, Daniel,641447,2022,27,35.2,.282,.432,.337,.333,.150,86.9,11,6.4,
Cortes Jr., Nestor,641482,2022,27,158.1,.204,.320,.257,.256,.115,87.9,19.2,5.3,
Danish, Tyler,641501,2022,27,40.1,.292,.512,.378,.358,.220,89,10.1,10.4,
Dunning, Dane,641540,2022,27,153.1,.250,.400,.327,.332,.150,87.9,5.4,8.9,
Foster, Matt,641582,2022,27,45.0,.252,.399,.317,.320,.146,88.2,20.4,6,
Gott, Trevor,641627,2022,29,45.2,.203,.333,.268,.267,.131,86.7,13.3,7.9,
Hamilton, Ian,641656,2022,27,2.2,.352,.427,.371,.411,.075,90.5,17.5,0,
Hatch, Thomas,641672,2022,27,4.2,.377,.612,.458,.449,.235,93,9.2,10.5,
Hendrix, Ryan,641682,2022,27,8.1,.157,.190,.255,.335,.032,88.8,9.1,0,
Hudson, Dakota,641712,2022,27,139.2,.276,.410,.343,.361,.133,89,6.3,6,
Jefferies, Daulton,641726,2022,26,39.1,.250,.397,.301,.293,.147,89.2,11,8.2,
Jimenez, Joe,641729,2022,27,56.2,.216,.345,.266,.259,.129,88.6,20,7.8,
Kay, Anthony,641743,2022,27,2.0,.291,.374,.435,.486,.084,104.8,17.8,20,
Keller, Brad,641745,2022,26,139.2,.256,.405,.323,.327,.149,89.3,6.7,6.6,
Kinley, Tyler,641755,2022,31,24.0,.207,.296,.251,.262,.089,88.7,13.8,1.5,
Kuhl, Chad,641771,2022,29,137.0,.272,.466,.352,.345,.194,90.5,15.8,9.7,
Lauer, Eric,641778,2022,27,158.2,.240,.394,.311,.311,.154,88.8,17.7,8,
Littell, Zack,641793,2022,26,44.1,.223,.394,.297,.280,.171,88,13.7,8,
Mahle, Tyler,641816,2022,27,120.2,.214,.358,.291,.288,.144,88.7,17.9,7.5,
Mayza, Tim,641835,2022,30,48.2,.263,.415,.316,.312,.152,88.6,0.2,7.4,
McKay, David,641853,2022,27,6.2,.321,.580,.431,.406,.258,91.1,13.4,16,
Middleton, Keynan,641871,2022,28,17.0,.284,.518,.362,.326,.233,87.6,20.3,12,
Murphy, Patrick,641907,2022,27,5.2,.244,.303,.360,.429,.059,87.4,4.8,9.1,
Neuse, Sheldon,641914,2022,27,3.2,.237,.486,.302,.237,.249,91.2,17.3,16.7,
Ober, Bailey,641927,2022,26,56.0,.262,.464,.334,.304,.202,90.1,19.5,11.7,
Pagan, Emilio,641941,2022,31,63.0,.227,.398,.307,.303,.171,89.6,12.7,9.8,
Rogers, Josh,642028,2022,27,26.1,.248,.467,.343,.322,.219,88.6,21.7,8.9,
Saucedo, Tayler,642048,2022,29,2.2,.416,1.015,.604,.455,.599,95.7,8.5,28.6,
Sedlock, Cody,642060,2022,27,3.0,.328,.522,.388,.370,.194,90.2,7.7,8.3,
Speier, Gabe,642100,2022,27,19.1,.205,.330,.260,.256,.125,88,14.9,3.4,
Sulser, Cole,642121,2022,32,34.0,.261,.445,.342,.342,.183,90.2,13.9,8.4,
Taylor, Blake,642130,2022,26,16.0,.254,.355,.321,.355,.100,86.1,8.2,5.5,
Trivino, Lou,642152,2022,30,53.2,.253,.392,.323,.337,.139,88.7,6.8,7.1,
VanMeter, Josh,642165,2022,27,3.0,.502,1.029,.656,.539,.527,88.1,16.8,24,
Widener, Taylor,642203,2022,27,17.1,.238,.403,.311,.313,.165,88.2,21,6.7,
Williams, Devin,642207,2022,27,60.2,.147,.199,.223,.264,.051,84.3,9.4,0.9,
Yacabonis, Jimmy,642231,2022,30,14.0,.288,.562,.416,.405,.274,91.3,18.9,22.5,
Yarbrough, Ryan,642232,2022,30,80.0,.251,.412,.324,.321,.161,85.1,17.2,7.3,
Zastryzny, Rob,642239,2022,30,4.0,.172,.253,.215,.224,.081,88.3,16,8.3,
Soto, Gregory,642397,2022,27,60.1,.222,.346,.313,.343,.124,91.4,7.7,6.2,
Loaisiga, Jonathan,642528,2022,27,48.0,.245,.330,.290,.316,.085,83.9,3.3,2,
Barria, Jaime,642545,2022,25,79.1,.242,.426,.314,.295,.183,88.3,16.3,10,
Hernandez, Jonathan,642546,2022,25,30.1,.241,.368,.313,.346,.127,90.3,0.5,4.7,
Peralta, Freddy,642547,2022,26,78.0,.190,.300,.257,.267,.110,87.1,16.9,3.5,
Bautista, Felix,642585,2022,27,65.2,.186,.296,.255,.265,.110,86.8,14.7,8.5,
Ogando, Cristofer,642657,2022,28,4.1,.353,.432,.404,.429,.078,95.3,24.7,15.4,
Espinal, Raynel,642659,2022,30,4.2,.294,.575,.387,.329,.281,89.3,12.2,13.3,
Santana, Dennis,642701,2022,26,58.2,.245,.341,.306,.338,.096,86.6,9.7,4.7,
Acevedo, Domingo,642758,2022,28,67.2,.235,.373,.290,.294,.138,86.7,14,7.4,
Guerra, Javy,642770,2022,26,18.0,.271,.439,.355,.379,.168,91.2,15.4,8.3,
Wynns, Austin,642851,2022,31,2.0,.233,.396,.311,.309,.163,89,28.5,11.1,
Brault, Steven,643230,2022,30,9.0,.164,.268,.264,.293,.104,92.9,11,4,
Cimber, Adam,643256,2022,31,70.2,.252,.369,.297,.305,.117,89.1,12.1,5.1,
Dunn, Justin,643290,2022,26,31.0,.299,.615,.431,.400,.316,91.4,20.6,16.5,
Fry, Paul,643316,2022,29,13.0,.258,.364,.346,.392,.106,94.6,-1.6,2.9,
Green, Chad,643338,2022,31,15.0,.224,.337,.281,.285,.113,88.7,25,5,
Herget, Kevin,643361,2022,31,7.0,.250,.407,.266,.236,.158,89.7,17.2,15.4,
Jax, Griffin,643377,2022,27,72.1,.220,.353,.278,.282,.133,88.1,10.6,6.9,
Knight, Dusten,643400,2022,31,11.0,.242,.532,.351,.307,.290,87.4,16.7,16.7,
Leiter Jr., Mark,643410,2022,31,67.2,.231,.378,.307,.317,.148,87.2,10.4,6.2,
Pruitt, Austin,643493,2022,32,55.1,.242,.425,.308,.277,.183,88,12.9,9.7,
Rogers, Tyler,643511,2022,31,75.2,.240,.330,.286,.306,.090,84.2,1.4,3.7,
Schwindel, Frank,643524,2022,30,3.0,.376,.879,.533,.411,.503,91.5,31.2,23.5,
Zeuch, T.J.,643615,2022,26,10.2,.332,.576,.434,.434,.244,91.2,8.3,12.2,
Arano, Victor,644364,2022,27,42.0,.234,.366,.296,.299,.132,85.8,6.4,5.5,
Chang, Yu,644374,2022,26,2.0,.425,.746,.508,.423,.322,93.4,18.3,9.1,
Severino, Anderson,644429,2022,27,7.1,.230,.308,.313,.366,.078,89.7,-3.9,5.3,
Alcantara, Sandy,645261,2022,26,228.2,.215,.331,.267,.268,.116,87.8,5.5,5.3,
Diaz, Jhonathan,646242,2022,25,15.1,.255,.392,.338,.366,.137,91.3,10,4.4,
Pop, Zach,647315,2022,25,39.0,.256,.365,.286,.285,.108,88.2,1.3,5.6,
Wells, Alex,649144,2022,25,3.2,.174,.338,.217,.174,.165,93.2,21.4,10,
Ruiz, Norge,650204,2022,28,19.0,.318,.526,.396,.385,.209,94,12.1,10.4,
Hernandez, Darwinzon,650382,2022,25,6.2,.315,.572,.454,.474,.257,91.2,16.1,20.8,
Mejia, J.C.,650496,2022,25,2.1,.421,.528,.500,.602,.107,90.2,-0.5,0,
Garcia, Bryan,650530,2022,27,20.1,.250,.435,.352,.363,.185,88.8,15.2,13,
Abreu, Bryan,650556,2022,25,60.1,.196,.274,.269,.296,.077,86.6,12.8,3.8,
King, Michael,650633,2022,27,51.0,.207,.307,.263,.274,.100,86.2,8.4,6.8,
Civale, Aaron,650644,2022,27,97.0,.246,.393,.303,.298,.147,88.6,13.5,7.5,
Quijada, Jose,650671,2022,26,40.2,.168,.324,.265,.281,.156,88.1,22.2,10.6,
Cabrera, Genesis,650893,2022,25,44.2,.260,.429,.341,.351,.169,86.3,12.2,7.2,
Castillo, Diego,650895,2022,28,54.1,.201,.320,.269,.288,.119,86.4,9,7.6,
Sanchez, Cristopher,650911,2022,25,40.0,.243,.390,.321,.333,.147,87.9,4.9,6.6,
Diplan, Marcos,650959,2022,25,5.2,.225,.332,.323,.368,.107,88.2,12,0,
Duarte, Daniel,650960,2022,25,2.2,.215,.431,.384,.400,.216,88.9,36.7,11.1,
Rodriguez, Manuel,655889,2022,25,13.2,.278,.385,.354,.394,.107,80.3,6.8,5,
Zabala, Aneurys,656008,2022,25,2.2,.361,.532,.464,.468,.171,88.9,17.8,0,
Abreu, Albert,656061,2022,26,38.2,.234,.370,.324,.347,.136,87.6,2.9,5.5,
Beeks, Jalen,656222,2022,28,61.0,.223,.376,.299,.297,.153,86.7,9.6,8.3,
Bielak, Brandon,656232,2022,26,12.1,.215,.392,.319,.317,.176,88.7,10.9,11.4,
Bird, Jake,656234,2022,26,47.2,.255,.414,.336,.353,.159,91.2,5.4,6.3,
Brigham, Jeff,656257,2022,30,24.0,.237,.379,.308,.313,.142,89.5,23.4,6.3,
Burke, Brock,656271,2022,25,82.1,.219,.362,.284,.281,.143,88.6,13.2,7.1,
Carlton, Drew,656290,2022,26,8.2,.251,.492,.307,.244,.241,91.7,12.5,12,
Cease, Dylan,656302,2022,26,184.0,.184,.292,.257,.273,.109,86.8,15,6.2,
Coonrod, Sam,656322,2022,29,12.2,.231,.305,.312,.360,.074,87.9,13.1,2.8,
Davidson, Tucker,656353,2022,26,52.0,.251,.380,.338,.368,.129,89.6,10.8,5.2,
Davis, Austin,656354,2022,29,56.0,.239,.372,.330,.350,.133,86.5,16.9,7.4,
Faedo, Alex,656412,2022,26,53.2,.277,.464,.358,.355,.187,91.1,19.1,9.8,
Feyereisen, J.P.,656420,2022,29,24.1,.181,.326,.244,.229,.145,89.4,24.9,7.1,
Flaherty, Jack,656427,2022,26,36.0,.242,.390,.341,.366,.148,87.2,11.8,5.6,
Gilbert, Tyler,656457,2022,28,34.1,.302,.557,.389,.354,.255,88.9,19.1,11.4,
Gilbreath, Lucas,656458,2022,26,43.0,.236,.328,.316,.359,.092,88.5,13.5,2.8,
Ginkel, Kevin,656464,2022,28,29.1,.210,.305,.266,.284,.095,89,8.6,4.9,
Griffin, Foster,656492,2022,26,6.1,.338,.570,.465,.487,.232,92.8,8.9,18.2,
Hentges, Sam,656529,2022,25,62.0,.206,.303,.261,.278,.097,88.8,-0.2,5.3,
Hoffman, Jeff,656546,2022,29,44.2,.221,.383,.317,.325,.161,89.3,22.4,8.7,
Holloway, Jordan,656548,2022,26,2.2,.168,.210,.210,.243,.043,85.7,4.2,0,
Houck, Tanner,656557,2022,26,60.0,.241,.355,.305,.329,.114,89.7,4.5,4.9,
Jackson, Andre,656578,2022,26,9.2,.220,.339,.285,.296,.119,87.2,13.2,6.9,
Keller, Mitch,656605,2022,26,159.0,.253,.383,.318,.331,.130,87.9,7.8,7.1,
Kopech, Michael,656629,2022,26,119.1,.216,.375,.308,.311,.159,89.9,18.3,8.8,
Lange, Alex,656638,2022,26,63.1,.202,.310,.283,.309,.108,86.1,4.9,5.2,
Logue, Zach,656657,2022,26,57.0,.274,.523,.370,.336,.249,89.5,19.4,12.4,
Martin, Brett,656685,2022,27,50.0,.253,.382,.304,.317,.129,89.5,6.4,5.2,
Martin, Corbin,656686,2022,26,22.1,.300,.523,.389,.380,.223,91.8,10.9,10.3,
Megill, Trevor,656730,2022,28,45.0,.268,.442,.340,.335,.174,92.2,9.5,8.5,
Megill, Tylor,656731,2022,26,47.1,.253,.438,.321,.303,.185,89.2,13.5,10.4,
Montes de Oca, Bryce,656755,2022,26,3.1,.268,.298,.299,.345,.030,84.6,7.5,0,
Montgomery, Jordan,656756,2022,29,178.1,.258,.400,.310,.303,.143,88.5,9.8,7.1,
Mushinski, Parker,656786,2022,26,7.1,.249,.329,.312,.349,.080,85.6,8.8,5.6,
Nelson, Nick,656793,2022,26,68.2,.222,.323,.297,.322,.101,87.6,15.1,3.6,
Newcomb, Sean,656794,2022,29,27.2,.277,.500,.384,.379,.223,90.7,18.7,13.8,
Norwood, James,656803,2022,28,17.1,.256,.401,.325,.335,.145,91.5,18.9,3.7,
Ortiz, Luis,656814,2022,26,8.2,.207,.344,.277,.279,.137,85.1,16.2,8.3,
Overton, Connor,656818,2022,28,33.0,.235,.341,.288,.303,.105,90.2,16.2,3,
Peterson, David,656849,2022,26,105.2,.231,.363,.308,.325,.131,89.7,8.1,7.7,
Rasmussen, Drew,656876,2022,26,146.0,.238,.375,.290,.283,.137,88.9,10.1,6.6,
Reid-Foley, Sean,656887,2022,26,10.0,.169,.279,.284,.320,.110,85,20.3,3.6,
Scott, Tanner,656945,2022,27,62.2,.223,.324,.316,.359,.101,86.1,7.6,5.4,
Sheffield, Justus,656954,2022,26,11.2,.295,.408,.354,.386,.113,93.5,3.5,2.7,
Smeltzer, Devin,656970,2022,26,70.1,.251,.438,.322,.303,.187,88.8,16.2,7,
Sousa, Bennett,656986,2022,27,20.1,.254,.391,.318,.335,.137,88.7,6.2,6.8,
Steele, Justin,657006,2022,26,119.0,.237,.336,.295,.316,.099,87.1,7.5,3.9,
Swanson, Erik,657024,2022,28,53.2,.201,.291,.237,.244,.090,85,20.3,6.4,
Thompson, Ryan,657044,2022,30,42.2,.230,.338,.273,.286,.108,87.8,6.8,4.7,
Toussaint, Touki,657053,2022,26,25.1,.204,.274,.311,.373,.070,89.4,9.9,3.4,
Watkins, Spenser,657093,2022,29,105.1,.285,.453,.345,.338,.167,90,11.6,7.2,
Wright, Kyle,657140,2022,26,180.1,.244,.384,.306,.308,.139,89,4.4,6.8,
Merryweather, Julian,657240,2022,30,26.2,.246,.457,.327,.304,.211,90.3,14.3,10.3,
Otto Jr., Glenn,657248,2022,26,135.2,.247,.424,.343,.345,.177,89,13.2,8.9,
Strzelecki, Peter,657265,2022,27,35.0,.220,.354,.287,.303,.134,88.1,16.5,7.6,
Uelmen, Erich,657272,2022,26,27.0,.222,.369,.312,.334,.147,89,6.7,8.4,
Webb, Logan,657277,2022,25,192.1,.247,.364,.295,.301,.116,88.9,3.1,5.5,
Schmidt, Clarke,657376,2022,26,57.2,.222,.359,.292,.305,.137,89.1,13.5,9.7,
Gage, Matt,657424,2022,29,13.0,.195,.308,.273,.307,.113,87.3,14.5,6.5,
Baumann, Mike,657508,2022,26,34.1,.266,.416,.325,.320,.150,91.8,9.5,7,
Bernardino, Brennan,657514,2022,30,2.1,.178,.201,.199,.291,.023,84.7,9.5,0,
Ferguson, Caleb,657571,2022,25,34.2,.195,.284,.273,.303,.089,84.8,13.8,3.5,
Garrett, Reed,657585,2022,29,9.1,.295,.433,.381,.427,.137,90.4,8.7,5.9,
Hill, Tim,657612,2022,32,48.0,.236,.301,.274,.305,.065,88.2,1.6,1.3,
Koenig, Jared,657649,2022,28,39.1,.271,.426,.347,.355,.154,90.4,12.3,5.2,
Ryan, Joe,657746,2022,26,147.0,.215,.373,.294,.289,.158,88.2,24.2,8.6,
Seabold, Connor,657756,2022,26,18.1,.281,.465,.360,.355,.185,87.3,22.4,10.3,
Stout, Eric,657770,2022,29,22.1,.220,.361,.323,.354,.142,90.6,21.6,9.1,
Medina, Adonis,658431,2022,25,23.2,.287,.440,.351,.353,.152,91.2,7.4,7.4,
Fernandez, Junior,658551,2022,25,18.2,.223,.324,.309,.346,.101,86.5,1.7,3.6,
Avila, Pedro,658648,2022,25,4.0,.263,.522,.375,.345,.258,90.5,4.2,18.2,
Espinoza, Anderson,659262,2022,24,18.1,.217,.373,.357,.401,.157,89,8.1,10.9,
Lamet, Dinelson,659275,2022,29,32.1,.226,.394,.329,.343,.168,90.5,15.6,9.9,
Ohtani, Shohei,660271,2022,27,166.0,.204,.311,.256,.260,.107,87.1,14.5,6.3,
Reyes, Denyi,660593,2022,25,7.2,.222,.283,.234,.247,.061,89.3,12.6,0,
Paredes, Enoli,660600,2022,26,3.0,.204,.244,.303,.375,.040,87.1,9.6,0,
Ynoa, Huascar,660623,2022,24,6.2,.316,.656,.456,.427,.340,93.1,1.2,21.7,
Castillo, Diego,660636,2022,24,2.0,.358,.539,.470,.529,.181,95.3,-1.6,10,
Rodriguez, Elvin,660730,2022,24,29.2,.284,.550,.391,.365,.266,92.9,17.8,14.7,
Suarez, Jose,660761,2022,24,109.0,.234,.384,.298,.296,.150,88.7,12,8.4,
De Los Santos, Yerry,660787,2022,24,25.2,.243,.437,.333,.326,.194,88.8,9.3,12.3,
Graterol, Brusdar,660813,2022,23,49.2,.207,.294,.246,.258,.087,85.5,-0.7,4.3,
Bazardo, Eduard,660825,2022,26,16.1,.245,.374,.308,.315,.129,87.4,15.6,6.3,
De Los Santos, Enyel,660853,2022,26,53.1,.236,.400,.307,.303,.164,90.6,12,9.6,
Alcala, Jorge,660896,2022,26,2.1,.250,.286,.331,.400,.036,80,15,0,
Perez, Francisco,660906,2022,24,8.2,.309,.537,.425,.438,.229,93,15.1,9.4,
Lopez, Yoan,661255,2022,29,11.0,.234,.396,.311,.324,.162,94.5,16.9,8.6,
Gutierrez, Vladimir,661269,2022,26,36.2,.259,.448,.364,.381,.189,89.3,18.6,9.2,
Martinez, Adrian,661309,2022,25,57.2,.277,.482,.354,.336,.205,89.1,14,10.3,
Ortega, Oliver,661383,2022,25,34.0,.263,.418,.344,.358,.155,90.4,9.3,7.3,
Duran, Jhoan,661395,2022,24,67.2,.187,.269,.233,.250,.082,88.2,-1.1,4.5,
Clase, Emmanuel,661403,2022,24,72.2,.197,.270,.219,.230,.073,86.3,0.3,2.2,
Llovera, Mauricio,661440,2022,26,16.1,.177,.317,.260,.269,.139,83.9,10.7,9.1,
Martinez, Seth,661527,2022,27,38.2,.198,.301,.260,.277,.103,86.6,15.4,5.9,
Gil, Luis,661563,2022,24,4.0,.254,.306,.291,.332,.052,87.5,15,0,
Munoz, Andres,662253,2022,23,65.0,.164,.241,.211,.229,.078,86.2,7.2,5.3,
Suarez, Robert,663158,2022,31,47.2,.197,.314,.282,.302,.118,88.4,12.3,8.6,
Feltner, Ryan,663372,2022,25,97.1,.260,.454,.340,.328,.194,89.7,13.3,8.3,
Szapucki, Thomas,663378,2022,26,15.0,.256,.531,.372,.334,.275,93.2,18.6,14.3,
Smith, Chad,663385,2022,27,18.0,.179,.297,.307,.348,.118,88,4.8,6.7,
Thornton, Trent,663423,2022,28,46.0,.267,.460,.348,.338,.193,90.1,19.2,6.7,
Rainey, Tanner,663432,2022,29,30.0,.222,.400,.309,.300,.178,89.4,22.5,10.1,
Martin, Davis,663436,2022,25,63.1,.268,.431,.334,.330,.163,89.1,17.1,7.1,
Pilkington, Konnor,663455,2022,24,58.0,.245,.406,.337,.346,.161,89.2,13.2,12.1,
Bubic, Kris,663460,2022,24,129.0,.286,.455,.362,.367,.169,90,10.7,7.8,
Allard, Kolby,663465,2022,24,21.0,.269,.521,.362,.328,.252,91.6,19.4,14.8,
McKenzie, Triston,663474,2022,24,191.1,.222,.397,.293,.274,.175,90.2,19.7,9.8,
Sands, Cole,663485,2022,24,30.2,.226,.408,.325,.322,.183,89.3,14.1,7.1,
Allen, Logan,663531,2022,25,7.2,.284,.471,.380,.392,.187,89.8,14.5,11.1,
Hjelle, Sean,663546,2022,25,25.0,.267,.396,.318,.325,.128,89.5,3.2,6.4,
Mize, Casey,663554,2022,25,10.0,.284,.547,.370,.316,.263,92,17.4,10.3,
McClanahan, Shane,663556,2022,25,166.1,.207,.332,.261,.257,.126,87.6,8.3,6.4,
Moran, Jovani,663558,2022,25,40.2,.168,.250,.236,.259,.082,85,7.4,5.4,
Falter, Bailey,663559,2022,25,84.0,.262,.455,.331,.309,.193,89,17.6,8.3,
Santillan, Tony,663574,2022,25,19.2,.253,.356,.329,.375,.103,89.7,17.9,3.4,
Small, Ethan,663629,2022,25,6.1,.274,.534,.425,.450,.259,93.2,15.1,16.7,
McKenna, Ryan,663630,2022,25,1.1,.373,.494,.374,.383,.121,93.8,20.6,0,
Neidert, Nick,663734,2022,25,5.0,.297,.444,.320,.297,.147,93.9,12.7,5.9,
Lynch, Daniel,663738,2022,25,131.2,.277,.450,.345,.343,.174,91.2,12.8,8.8,
Morris, Cody,663752,2022,25,23.2,.254,.425,.341,.345,.171,88,16.4,12.3,
Knehr, Reiss,663753,2022,25,13.2,.231,.382,.321,.336,.150,91.5,20,9.8,
Woodford, Jake,663765,2022,25,48.1,.276,.378,.310,.321,.102,88,9.4,5.3,
Hoeing, Bryan,663773,2022,25,12.2,.321,.629,.429,.377,.307,91.7,6.1,16,
Sandoval, Patrick,663776,2022,25,148.2,.246,.359,.307,.323,.114,87.3,11.4,5.7,
Kowar, Jackson,663804,2022,25,15.2,.299,.474,.380,.393,.175,87.5,9.5,7.4,
Hicks, Jordan,663855,2022,25,61.1,.213,.331,.307,.338,.118,86.9,1.4,7,
Singer, Brady,663903,2022,25,153.1,.247,.397,.309,.304,.150,89.3,8.6,8.2,
Holton, Tyler,663947,2022,26,9.0,.240,.362,.293,.299,.122,86.6,21.5,3.3,
Paddack, Chris,663978,2022,26,22.1,.240,.347,.275,.269,.107,88.7,10.1,5.7,
Stephan, Trevor,663986,2022,26,63.2,.195,.273,.239,.261,.079,87.5,10.2,3.1,
Vespi, Nick,663989,2022,26,26.1,.286,.491,.357,.342,.205,87.7,10,10.7,
Lakins Sr., Travis,664042,2022,28,10.1,.324,.593,.435,.419,.268,92.1,17.6,20,
Stashak, Cody,664054,2022,28,16.1,.238,.379,.263,.236,.141,87.9,23.7,4,
Gonsolin, Tony,664062,2022,28,130.1,.220,.342,.276,.281,.123,89,13.8,5.6,
Cleavinger, Garrett,664076,2022,28,23.0,.214,.354,.283,.283,.140,88.2,15.2,7.7,
Poppen, Sean,664092,2022,28,28.2,.222,.364,.294,.308,.142,89.1,16.6,7.1,
Effross, Scott,664123,2022,28,56.2,.204,.303,.248,.261,.100,87.3,8.7,4,
Fairbanks, Pete,664126,2022,28,24.0,.131,.182,.154,.160,.050,87.3,9.5,2.2,
Gibaut, Ian,664139,2022,28,36.0,.212,.305,.282,.310,.093,86.6,14.9,4.3,
Brubaker, JT,664141,2022,28,144.0,.257,.414,.329,.330,.157,89.6,10.8,7.6,
Swarmer, Matt,664161,2022,28,34.0,.245,.498,.361,.343,.254,90.7,17.7,13.4,
Clarke, Taylor,664199,2022,29,49.0,.230,.373,.277,.263,.143,89.5,19.1,6.2,
Cyr, Tyler,664202,2022,29,13.1,.254,.383,.321,.336,.129,93.6,11.7,9.1,
Maton III, Phil,664208,2022,29,65.2,.246,.383,.320,.336,.137,85.1,14.2,6.3,
Valdez, Framber,664285,2022,28,201.1,.227,.330,.284,.301,.102,89.8,-3.6,5.8,
Moreta, Dauri,664294,2022,26,38.1,.221,.405,.311,.304,.184,90.6,22.9,12.5,
Javier, Cristian,664299,2022,25,148.2,.168,.286,.244,.250,.118,88.4,25.4,7.2,
Yajure, Miguel,664337,2022,24,24.1,.326,.521,.414,.430,.195,92.3,15.5,7.1,
Urquidy, Jose,664353,2022,27,164.1,.256,.451,.329,.306,.194,89.7,17.2,9.4,
Romero, Jhon,664584,2022,27,5.0,.245,.291,.252,.276,.047,87.9,1.9,0,
Lopez, Alejo,664670,2022,26,2.2,.247,.606,.360,.247,.359,89,37.6,20,
Diaz, Alexis,664747,2022,25,63.2,.159,.279,.260,.286,.120,86.7,21,7.5,
Cousins, Jake,664776,2022,27,13.1,.184,.289,.281,.322,.105,83.2,13.2,7.1,
Young, Danny,664849,2022,28,6.1,.275,.411,.323,.320,.136,84.1,5.9,4.2,
Helsley, Ryan,664854,2022,27,64.2,.152,.275,.223,.223,.123,88.8,22.2,8.8,
Dowdy, Kyle,664871,2022,29,6.1,.235,.323,.310,.349,.087,89.1,14.2,5,
Lawrence, Justin,664875,2022,27,42.2,.222,.325,.293,.317,.102,87.8,5.9,4.2,
Naile, James,664942,2022,29,9.0,.300,.494,.363,.338,.194,90.1,9.2,6.7,
Vieaux, Cam,664944,2022,28,8.2,.230,.471,.348,.328,.241,92.7,18.4,15.4,
Misiewicz, Anthony,664948,2022,27,29.0,.230,.431,.312,.296,.201,90.1,16.2,11.9,
Kelley, Trevor,665001,2022,29,23.2,.217,.429,.317,.297,.212,85,19.6,12.3,
Clemens, Kody,665019,2022,26,7.0,.349,.489,.372,.369,.140,89.6,17.5,3.2,
Kremer, Dean,665152,2022,26,125.1,.265,.423,.326,.321,.158,88.4,14.7,7.3,
Garcia, Rony,665621,2022,24,51.0,.279,.543,.379,.339,.264,91.5,18.9,16.3,
Peguero, Elvis,665625,2022,25,17.1,.276,.470,.346,.323,.194,88.9,8,8.3,
Castro, Kervin,665645,2022,23,12.1,.272,.465,.362,.362,.193,93.5,14.9,7.7,
Sanmartin, Reiver,665665,2022,26,57.0,.229,.377,.306,.316,.148,86,4.6,7.2,
Cabrera, Edward,665795,2022,24,71.2,.209,.366,.312,.324,.156,86.7,12.7,8.6,
Assad, Javier,665871,2022,24,37.2,.255,.388,.327,.345,.133,87.5,17.8,5.2,
Marte, Jose,665896,2022,26,11.0,.244,.424,.412,.479,.180,91.8,24.8,8,
Anderson, Ian,666120,2022,24,111.2,.254,.383,.323,.338,.129,89.2,8.4,6.2,
Garrett, Braxton,666129,2022,24,88.0,.247,.389,.312,.316,.142,89.4,9,7.2,
Ragans, Cole,666142,2022,24,40.0,.276,.419,.336,.343,.143,87.5,18.2,6.9,
Lodolo, Nick,666157,2022,24,103.1,.215,.362,.309,.321,.147,88.7,11.9,9.1,
Manning, Matt,666159,2022,24,63.0,.256,.402,.310,.309,.146,89.1,14.8,6.2,
Thompson, Mason,666168,2022,24,24.2,.241,.359,.300,.310,.118,86.1,12.2,3.9,
Luzardo, Jesus,666200,2022,24,100.1,.218,.352,.287,.290,.134,89,13.2,6.6,
Manoah, Alek,666201,2022,24,196.2,.224,.343,.284,.290,.118,87.5,16.9,5.4,
Jimenez, Dany,666204,2022,28,34.1,.197,.306,.262,.295,.109,89.4,16.2,4.3,
Muller, Kyle,666205,2022,24,12.1,.275,.427,.357,.375,.152,88,16.2,7.7,
Wentz, Joey,666214,2022,24,32.2,.214,.346,.296,.299,.132,88.8,12.9,7.4,
Brash, Matt,666374,2022,24,50.2,.247,.355,.328,.367,.108,88.8,6.7,4.8,
Santos, Gregory,666619,2022,22,3.2,.194,.245,.280,.336,.052,87.2,-1.5,0,
Castillo, Max,666721,2022,23,39.1,.250,.431,.335,.328,.181,90.7,11.5,10.3,
Doval, Camilo,666808,2022,24,67.2,.199,.287,.266,.293,.088,85.9,-0.8,4.6,
Frias, Luis,666818,2022,24,17.0,.262,.396,.365,.410,.134,91.6,14.3,5.2,
Cano, Yennier,666974,2022,28,18.0,.260,.373,.346,.388,.113,88.7,5.6,5.1,
Nance, Tommy,667297,2022,31,43.2,.238,.357,.308,.336,.118,88.5,9.2,4.4,
Rondon, Angel,667373,2022,24,5.0,.202,.306,.290,.321,.104,89.4,26.4,0,
Sanchez, Miguel,667376,2022,28,13.1,.257,.444,.340,.356,.187,85.4,5.9,9.8,
Jackson, Zach,667427,2022,27,48.0,.185,.322,.295,.328,.137,89.4,21.6,10,
King, John,667463,2022,27,51.1,.279,.405,.317,.327,.126,90.7,0.2,6.2,
Fletcher, Aaron,667465,2022,26,11.2,.252,.430,.357,.355,.177,90.8,12.5,10.3,
Dugger, Robert,667498,2022,26,16.0,.253,.454,.337,.326,.201,91.2,24,13,
Tyler, Kyle,667725,2022,25,4.0,.250,.337,.287,.304,.087,86,-1.9,9.1,
Miller, Tyson,668338,2022,26,10.2,.261,.374,.351,.393,.112,83,7.2,2.6,
Nogosek, Stephen,668665,2022,27,22.0,.238,.392,.306,.302,.154,89.5,19.4,7.6,
Plesac, Zach,668676,2022,27,131.2,.278,.474,.351,.333,.196,89.5,13,9.6,
Gallen, Zac,668678,2022,26,184.0,.213,.341,.278,.279,.127,87.8,10.8,7.8,
Tully, Tanner,668684,2022,27,6.0,.308,.562,.427,.446,.254,91.1,20,13.6,
Kranick, Max,668820,2022,24,5.0,.143,.185,.230,.278,.042,80.3,20.8,0,
McGee, Easton,668834,2022,24,3.0,.265,.384,.279,.265,.119,88.9,22.2,0,
Thompson, Zack,668868,2022,24,34.2,.233,.352,.300,.313,.119,87,5.4,6.3,
Kilian, Caleb,668873,2022,25,11.1,.218,.293,.323,.400,.075,91.1,7.2,2.9,
Greene, Hunter,668881,2022,22,125.2,.220,.393,.310,.305,.174,89.7,20.7,9.4,
Ashcraft, Graham,668933,2022,24,105.0,.263,.376,.311,.323,.113,86.9,3.8,4.8,
Romero, JoJo,668941,2022,25,16.1,.232,.404,.338,.349,.172,89.5,2.7,10,
McCarty, Kirk,668948,2022,26,37.2,.254,.494,.352,.321,.240,89.5,17,10.9,
Hollowell, Gavin,668970,2022,24,7.0,.194,.290,.262,.290,.096,87.7,26.5,5,
Gore, MacKenzie,669022,2022,23,70.0,.259,.432,.349,.356,.173,90.8,13.7,9.7,
Wilson, Bryse,669060,2022,24,115.2,.291,.474,.358,.347,.183,90.9,11.5,7.7,
Hall, DL,669084,2022,23,13.2,.215,.256,.251,.286,.041,83.3,12.7,2.6,
Estrada, Jeremiah,669093,2022,23,5.2,.240,.409,.319,.322,.169,85.9,15.9,7.1,
Zimmermann, Bruce,669145,2022,27,73.2,.302,.562,.384,.333,.260,91.1,14,13.2,
May, Dustin,669160,2022,24,30.0,.214,.312,.298,.332,.097,86.6,4.7,5.1,
Heasley, Jonathan,669169,2022,25,104.0,.268,.456,.353,.350,.188,90.2,14.9,9.4,
Nelson, Ryne,669194,2022,24,18.1,.174,.295,.234,.243,.121,89.6,25.8,6.4,
Burnes, Corbin,669203,2022,27,202.0,.212,.337,.273,.275,.124,87.2,10,5.7,
Akin, Keegan,669211,2022,27,81.2,.242,.380,.296,.290,.138,87.8,7.9,6.5,
Morgan, Eli,669212,2022,26,66.2,.200,.354,.266,.250,.154,87.8,19.5,8.9,
Kuhnel, Joel,669270,2022,27,58.0,.238,.392,.302,.295,.154,90.1,7.6,7.2,
Lee, Dylan,669276,2022,27,50.2,.207,.329,.251,.246,.122,88.6,18.1,5.3,
Gilbert, Logan,669302,2022,25,185.2,.253,.408,.314,.308,.155,91,14.6,7.1,
Wells, Tyler,669330,2022,27,103.2,.230,.404,.302,.285,.174,88.3,19.1,7.9,
Baz, Shane,669358,2022,23,27.0,.248,.415,.318,.312,.167,91.1,12,7.8,
Skubal, Tarik,669373,2022,25,117.2,.231,.357,.285,.285,.126,89.3,11.3,5.5,
Coleman, Dylan,669395,2022,25,68.0,.211,.340,.302,.327,.129,86.4,12.5,6.9,
Lambert, Jimmy,669424,2022,27,47.0,.198,.304,.273,.295,.106,86.6,18.1,4.5,
Rogers, Trevor,669432,2022,24,107.0,.263,.425,.338,.340,.162,88.4,12.1,7.5,
Bieber, Shane,669456,2022,27,200.0,.245,.386,.292,.281,.141,89.9,10,7.2,
Nelson, Kyle,669459,2022,25,37.0,.235,.373,.311,.321,.137,88.5,13.7,7.7,
Liberatore, Matthew,669461,2022,22,34.2,.268,.460,.357,.355,.191,91.2,16.4,8.8,
Pallante, Andre,669467,2022,23,108.0,.254,.350,.302,.324,.096,89.4,-3.3,3.2,
Barlow, Joe,669618,2022,26,35.0,.248,.471,.351,.336,.222,91.4,15.2,10.9,
Bender, Anthony,669622,2022,27,19.1,.252,.419,.338,.341,.168,87.1,3.3,9.6,
Long, Sam,669674,2022,26,42.1,.253,.422,.320,.315,.169,88.6,15.5,6.8,
Weissert, Greg,669711,2022,27,11.1,.164,.278,.265,.288,.115,83.9,16.8,3.3,
Wesneski, Hayden,669713,2022,24,33.0,.182,.263,.231,.243,.082,84.5,14,4.5,
De Jesus, Angel,669804,2022,25,12.2,.255,.419,.335,.338,.163,92,19.7,7.3,
Blanco, Ronel,669854,2022,28,6.1,.295,.549,.414,.405,.254,89.1,15.8,15,
Snead, Kirby,669912,2022,27,44.2,.260,.402,.325,.342,.141,87.8,11.4,6.6,
Alexander, Jason,669920,2022,29,71.2,.285,.449,.357,.357,.164,90.1,4.7,8.2,
Kirby, George,669923,2022,24,130.0,.233,.379,.284,.271,.146,89.3,11.3,8.9,
Alexy, A.J.,669935,2022,24,7.0,.313,.476,.422,.476,.163,92.6,2.4,4.3,
White, Mitch,669952,2022,27,99.0,.259,.383,.315,.324,.124,87.9,14.7,5.6,
Festa, Matt,670036,2022,29,54.0,.222,.382,.300,.294,.159,87.2,17.3,7.4,
Rosenberg, Kenny,670046,2022,26,10.2,.250,.355,.309,.340,.105,86.4,22.1,3,
Holderman, Colin,670059,2022,26,28.1,.212,.317,.295,.330,.105,87.3,18,6.6,
Mills, Wyatt,670090,2022,27,29.1,.252,.374,.324,.356,.122,85.2,12.9,4.8,
Oller, Adam,670124,2022,27,74.1,.264,.485,.366,.353,.221,90.2,19.2,10,
Schreiber, John,670167,2022,28,65.0,.185,.283,.251,.261,.097,87.2,2.5,5,
Winckowski, Josh,670174,2022,24,70.1,.272,.433,.338,.337,.162,89.5,5.3,9.9,
Bednar, David,670280,2022,27,51.2,.224,.349,.280,.288,.125,90.5,15.3,7.3,
Fishman, Jake,670288,2022,27,11.0,.284,.376,.316,.330,.091,89.2,7.5,5.1,
Garcia, Rico,670329,2022,28,8.0,.260,.434,.330,.323,.174,90.9,27.5,6.7,
Diehl, Phillip,670426,2022,27,5.2,.317,.660,.435,.390,.343,94.5,20.4,27.3,
Brosseau, Mike,670712,2022,28,3.0,.474,.619,.505,.549,.145,93.7,7.2,0,
Gonzalez, Luis,670768,2022,26,6.1,.329,.428,.344,.351,.098,84.3,2.3,3.4,
Gillaspie, Logan,670810,2022,25,17.1,.297,.458,.358,.351,.161,88.7,10.3,3.4,
Oviedo, Johan,670912,2022,24,56.0,.208,.321,.278,.293,.113,87.3,10.6,6.2,
Richards, Trevor,670950,2022,29,64.0,.236,.420,.331,.333,.183,89.4,17,11,
Uceta, Edwin,670955,2022,24,17.0,.227,.339,.294,.312,.112,86.9,13.8,5.8,
Morejon, Adrian,670970,2022,23,34.0,.241,.418,.308,.295,.177,90,19.2,8.7,
Ramirez, Yohan,670990,2022,27,37.1,.245,.377,.334,.364,.132,87.8,8.7,7.3,
Foley, Jason,671345,2022,26,60.1,.263,.367,.296,.301,.103,90.7,3.2,4.5,
Bolanos, Ronald,671790,2022,25,18.1,.287,.440,.374,.407,.153,91,8.8,6.7,
Detmers, Reid,672282,2022,22,129.0,.243,.387,.312,.318,.144,89.3,16.7,8,
Perez, Cionel,672335,2022,26,57.2,.237,.362,.296,.307,.125,89.1,5.1,6.4,
Ort, Kaleb,672391,2022,30,28.1,.265,.453,.353,.358,.188,91.6,20.5,8.9,
Hernandez, Carlos,672578,2022,25,56.0,.272,.449,.351,.357,.177,88.7,14.5,8,
Zerpa, Angel,672582,2022,22,11.0,.329,.574,.408,.375,.245,93.1,12.8,10.5,
Contreras, Roansy,672710,2022,22,95.0,.240,.430,.325,.316,.190,90.1,17.7,11,
Patino, Luis,672715,2022,22,20.0,.256,.440,.349,.360,.184,88.7,17,9.6,
Morales, Francisco,672839,2022,22,5.0,.199,.439,.408,.466,.240,88,5.2,9.1,
Adon, Joan,672851,2022,23,64.2,.275,.464,.371,.380,.190,89.3,7.5,10,
Cruz, Jesus,672911,2022,27,8.2,.246,.490,.362,.343,.243,91,20.7,10.7,
Barker, Luke,673316,2022,30,4.0,.413,.770,.506,.413,.358,91.1,4.3,12.5,
Walsh, Jake,673904,2022,26,2.2,.209,.365,.337,.368,.156,92.7,18.2,14.3,
Henry, Tommy,674072,2022,24,47.0,.253,.434,.339,.340,.181,90,13.7,9,
Plassmeyer, Michael,674681,2022,25,7.1,.311,.475,.353,.336,.164,86.3,13.6,9.5,
Curry, Xzavion,675540,2022,23,9.1,.327,.437,.387,.428,.109,87.7,19.4,2.7,
Grove, Michael,675627,2022,25,29.1,.217,.354,.275,.276,.137,91.6,16,6.1,
Strider, Spencer,675911,2022,23,131.2,.179,.279,.242,.254,.100,88,14.1,6.1,
Lowther, Zac,675912,2022,26,5.1,.337,.468,.373,.389,.131,89,18.9,4.2,
Karinchak, James,675916,2022,26,39.0,.181,.279,.267,.294,.098,91,26.6,5.3,
Howard, Spencer,675921,2022,25,37.2,.275,.500,.358,.338,.225,91.4,13.8,10.7,
Naughton, Packy,676050,2022,26,32.0,.255,.392,.301,.298,.137,87.1,10,6.9,
Junk, Janson,676083,2022,26,8.1,.220,.348,.281,.284,.128,88.5,-0.1,4.3,
Snider, Collin,676092,2022,26,34.1,.301,.465,.371,.380,.164,89.6,6.9,7.1,
Jones, Damon,676103,2022,27,4.2,.202,.243,.351,.448,.041,87.3,21.6,0,
Butto, Jose,676130,2022,24,4.0,.299,.521,.380,.360,.222,89,24.8,18.8,
Tetreault, Jackson,676194,2022,26,21.0,.308,.562,.404,.380,.254,92.8,13.9,9.1,
Abbott, Cory,676265,2022,26,48.0,.200,.419,.325,.313,.219,90.3,23.8,12.1,
Clement, Ernie,676391,2022,26,2.0,.453,.768,.482,.416,.315,91.6,5.2,18.2,
Whitlock, Garrett,676477,2022,26,78.1,.228,.367,.278,.267,.139,88.8,15.3,8,
Faucher, Calvin,676534,2022,26,21.1,.276,.501,.371,.356,.224,90.7,12.3,13,
Fleming, Josh,676596,2022,26,35.0,.263,.421,.323,.320,.158,90.4,-3.7,7.9,
Sanders, Phoenix,676637,2022,27,14.2,.265,.455,.323,.300,.190,92.9,15.5,9.5,
Sulser, Beau,676641,2022,28,22.1,.216,.351,.280,.295,.135,86.6,9,5.7,
Solomon, Jared,676660,2022,25,8.1,.158,.243,.251,.288,.085,90.9,22.6,4.2,
Sears, JP,676664,2022,26,70.0,.258,.425,.327,.323,.167,90.5,17.3,9,
Vest, Will,676684,2022,27,63.0,.240,.382,.311,.312,.142,87.8,5.8,7.1,
Crawford, Kutter,676710,2022,26,77.1,.253,.438,.331,.322,.185,89.7,17.1,8.8,
Hughes, Brandon,676714,2022,26,57.2,.217,.393,.305,.308,.176,88.8,19,11.1,
Romero, Tommy,676720,2022,24,8.1,.336,.804,.523,.472,.468,94.5,21.2,25,
Marinaccio, Ron,676760,2022,26,44.0,.156,.238,.257,.296,.082,84.5,16.6,5.3,
Whitley, Kodi,676831,2022,27,12.2,.271,.462,.382,.403,.190,90.2,15.7,8.3,
Peacock, Matt,676840,2022,28,10.0,.254,.350,.299,.321,.095,87.9,2,5.6,
Ashby, Aaron,676879,2022,24,107.1,.222,.358,.301,.310,.136,87.1,2,6.8,
Beasley, Jeremy,676886,2022,26,15.0,.180,.376,.282,.267,.196,91.1,21.4,13.2,
Cavalli, Cade,676917,2022,23,4.1,.150,.311,.305,.335,.161,89.1,13.3,16.7,
Meyer, Max,676974,2022,23,6.0,.232,.545,.356,.291,.313,89.4,13.1,16.7,
Nardi, Andrew,677053,2022,23,14.2,.264,.522,.396,.388,.258,86.8,22.4,15.6,
Kelly, Zack,677161,2022,27,13.2,.198,.343,.260,.250,.145,85,12.6,6.8,
Garcia, Luis,677651,2022,25,157.1,.228,.384,.295,.285,.156,88.4,17.1,7.8,
Bruihl, Justin,677865,2022,25,23.2,.245,.382,.300,.313,.137,86.2,15.2,6.4,
Weathers, Ryan,677960,2022,22,3.2,.226,.268,.303,.374,.041,88.1,16.4,0,
Kerr, Ray,678061,2022,27,5.0,.295,.640,.488,.451,.346,87.4,19.7,21.4,
Bello, Brayan,678394,2022,23,57.1,.247,.347,.303,.328,.100,88,5.3,5.4,
Henriquez, Ronny,678692,2022,22,11.2,.191,.334,.272,.272,.143,88.6,8,8.3,
Woods Richardson, Simeon,680573,2022,21,5.0,.365,.555,.425,.429,.190,92.1,21.1,13.3,
Gray, Josiah,680686,2022,24,148.2,.219,.419,.319,.308,.201,87.4,19.7,10.7,
Bradish, Kyle,680694,2022,25,117.2,.253,.404,.327,.331,.150,89.9,8.7,7.8,
Sandlin, Nick,680704,2022,25,44.0,.212,.297,.286,.330,.085,86.5,8,4.5,
Winder, Josh,680739,2022,25,67.0,.268,.457,.349,.331,.189,89.1,17.1,10.1,
Silseth, Chase,681217,2022,22,28.2,.306,.509,.386,.377,.202,90.9,7.5,10.9,
German, Franklin,681464,2022,24,4.0,.295,.470,.395,.418,.175,94.1,2.5,6.7,
Roberts, Ethan,681799,2022,24,7.2,.301,.576,.434,.429,.276,89.1,13.8,18.2,
Wantz, Andrew,681806,2022,26,50.1,.218,.377,.306,.307,.159,87.8,21.6,10.9,
Warren, Austin,681810,2022,26,16.0,.312,.592,.405,.363,.280,93.2,13.3,14.3,
Criswell, Cooper,681867,2022,25,3.1,.116,.153,.162,.184,.037,93.3,4.9,0,
Lee, Evan,681885,2022,25,8.2,.276,.432,.379,.411,.156,89,16.9,3.6,
Vesia, Alex,681911,2022,26,54.1,.188,.295,.261,.281,.107,87,17.4,6.6,
Hill, Garrett,682051,2022,26,60.1,.270,.471,.364,.361,.201,88.8,18.7,9.5,
Murfee, Penn,682171,2022,28,69.1,.200,.316,.254,.258,.116,85.7,19.5,5.1,
Ortiz, Luis,682847,2022,23,16.0,.179,.280,.269,.300,.101,86.1,12,2.4,
Gaddis, Hunter,683769,2022,24,7.1,.327,.787,.486,.377,.460,92,22,28.1,
Arihara, Kohei,685503,2022,29,20.0,.313,.509,.398,.404,.196,90.1,6.7,10,
Waldichuk, Ken,686610,2022,24,34.2,.246,.437,.330,.318,.191,88.7,16.9,12.1,
Brown, Hunter,686613,2022,23,20.1,.213,.316,.269,.282,.103,93.2,2.9,5.9,
Pepiot, Ryan,686752,2022,24,36.1,.193,.361,.321,.344,.168,89,24.2,10.2,
Jameson, Drey,686753,2022,24,24.1,.267,.415,.327,.326,.149,88.9,3.2,7.6,
Waites, Cole,686972,2022,24,5.2,.242,.394,.338,.363,.151,90.8,17.4,5.9,
Varland, Louie,686973,2022,24,26.0,.271,.441,.329,.320,.169,88.7,14.8,6.4,
Fisher, Nate,688010,2022,26,3.0,.166,.234,.264,.318,.068,89.5,30.8,0,
Brieske, Beau,689225,2022,24,81.2,.286,.490,.360,.340,.204,89.2,17.2,10.4,
Elder, Bryce,693821,2022,23,54.0,.243,.388,.319,.329,.145,88.2,8.8,5.8,