last_name,first_name,player_id,year,player_age,b_total_pa,xba,xslg,woba,xwoba,xobp,xiso,wobacon,xwobacon,exit_velocity_avg,launch_angle_avg,barrel_batted_rate,
Pujols, Albert,405395,2022,42,351,.262,.499,.380,.365,.343,.237,.415,.395,91.2,16.4,12,
Cabrera, Miguel,408234,2022,39,433,.234,.331,.275,.275,.290,.096,.329,.329,89.9,5,4.7,
Molina, Yadier,425877,2022,39,270,.230,.328,.235,.254,.251,.098,.262,.286,84.7,16.9,3.1,
Cano, Robinson,429664,2022,39,104,.209,.299,.169,.237,.239,.090,.198,.293,88.2,5.8,4,
Suzuki, Kurt,435559,2022,38,159,.191,.281,.254,.255,.276,.090,.253,.255,85.2,24.1,3.5,
Cruz Jr., Nelson,443558,2022,41,507,.241,.399,.292,.320,.323,.157,.334,.377,90.9,7.2,9.3,
Peralta, David,444482,2022,34,490,.249,.399,.315,.313,.318,.150,.378,.375,90.3,15.1,8.5,
Pina, Manny,444489,2022,35,17,.192,.405,.187,.298,.288,.213,.126,.258,81.9,9,7.1,
Escobar, Alcides,444876,2022,35,131,.210,.264,.242,.233,.252,.054,.291,.278,81.8,15.7,1.1,
Longoria, Evan,446334,2022,36,298,.233,.437,.330,.324,.309,.204,.425,.416,91.1,18.2,12.4,
Blackmon, Charlie,453568,2022,35,577,.256,.376,.317,.301,.308,.120,.366,.345,86.2,12.4,4.4,
Maldonado, Martin,455117,2022,35,379,.181,.325,.264,.253,.245,.144,.343,.326,88.4,14.7,8.1,
Chirinos, Robinson,455139,2022,38,220,.168,.281,.251,.245,.255,.113,.303,.293,84.8,17.6,6.9,
Cain, Lorenzo,456715,2022,36,156,.200,.253,.212,.230,.250,.053,.237,.263,87.9,3.8,0,
Solano, Donovan,456781,2022,34,304,.268,.393,.319,.315,.325,.125,.368,.364,88.3,10.7,5.9,
McCutchen, Andrew,457705,2022,35,580,.252,.406,.309,.325,.329,.155,.348,.371,89.1,13.2,8.6,
Upton, Justin,457708,2022,34,57,.157,.218,.231,.249,.293,.061,.275,.318,88.5,26.5,4,
Turner, Justin,457759,2022,37,532,.267,.427,.343,.339,.343,.160,.372,.367,89.5,18.4,8,
Votto, Joey,458015,2022,38,376,.218,.390,.310,.322,.331,.172,.351,.372,89.7,14.2,11.1,
Andrus, Elvis,462101,2022,33,577,.245,.360,.310,.293,.300,.114,.338,.316,87.9,11.9,4.5,
Santana, Carlos,467793,2022,36,506,.253,.438,.308,.352,.361,.185,.308,.372,90.7,15.4,9.3,
Belt, Brandon,474832,2022,34,298,.215,.412,.303,.326,.328,.197,.353,.390,88.4,23.4,12.6,
Lowrie, Jed,476704,2022,38,184,.197,.281,.230,.247,.264,.085,.246,.270,86.2,16.3,3.1,
Brantley Jr., Michael,488726,2022,35,277,.310,.467,.345,.374,.390,.158,.345,.383,89.8,10.7,6,
Castro, Jason,488771,2022,35,88,.161,.280,.183,.239,.245,.119,.254,.379,88.6,10,5.1,
Gurriel, Yuli,493329,2022,38,584,.240,.319,.285,.271,.286,.079,.297,.280,88.2,14.6,1.9,
Rojas, Miguel,500743,2022,33,507,.264,.347,.268,.293,.310,.083,.276,.306,86.1,10.1,1.9,
Escobar, Eduardo,500871,2022,33,542,.243,.427,.311,.314,.300,.183,.381,.385,88.3,20.6,9.4,
Adrianza, Ehire,501303,2022,32,110,.222,.288,.222,.274,.306,.066,.221,.299,84.6,12.6,1.4,
Lagares, Juan,501571,2022,33,62,.216,.305,.203,.242,.241,.089,.249,.303,88.4,14.4,2.2,
Almonte, Abraham,501659,2022,33,37,.184,.295,.306,.234,.229,.110,.430,.315,88.1,14.6,4.3,
Pham, Tommy,502054,2022,34,622,.238,.383,.304,.311,.315,.145,.371,.383,92.2,7.7,7.9,
Martinez, J.D.,502110,2022,34,596,.260,.471,.343,.349,.330,.211,.420,.429,89.1,14.1,12.5,
Goldschmidt, Paul,502671,2022,34,651,.261,.482,.419,.367,.357,.221,.506,.426,90.8,15.7,11.6,
Gonzalez, Marwin,503556,2022,33,207,.217,.345,.257,.282,.286,.128,.302,.341,88,19.4,5.9,
Leon, Sandy,506702,2022,33,86,.187,.238,.246,.263,.312,.051,.267,.299,84.3,21.4,0,
Altuve, Jose,514888,2022,32,604,.269,.440,.397,.354,.362,.171,.425,.367,85.9,16.1,7.7,
Hernandez, Cesar,514917,2022,32,617,.248,.329,.283,.290,.312,.081,.307,.317,84.8,9.3,2.4,
Segura, Jean,516416,2022,32,387,.254,.363,.320,.303,.316,.109,.343,.322,87.6,4.3,4.4,
Marte, Starling,516782,2022,33,505,.276,.428,.355,.336,.332,.153,.412,.386,86.8,7.5,6.8,
Culberson, Charlie,518586,2022,33,124,.226,.303,.281,.251,.258,.077,.360,.317,85.3,5.9,1.1,
d'Arnaud, Travis,518595,2022,33,426,.247,.412,.343,.313,.300,.166,.409,.367,88.5,11.8,8.5,
Donaldson, Josh,518626,2022,36,546,.215,.370,.302,.299,.303,.154,.363,.360,90.7,12,9.8,
Freeman, Freddie,518692,2022,32,708,.313,.538,.393,.403,.400,.225,.426,.440,91.3,13.6,9.9,
Grandal, Yasmani,518735,2022,33,376,.217,.319,.263,.290,.317,.102,.268,.308,90,12.1,4.8,
Heyward, Jason,518792,2022,32,151,.218,.322,.253,.278,.290,.105,.272,.306,87.6,13.1,4.8,
LeMahieu, DJ,518934,2022,33,541,.274,.403,.329,.344,.369,.130,.324,.344,89.2,3,5.3,
Moustakas, Mike,519058,2022,33,285,.195,.307,.286,.270,.281,.112,.337,.311,87.6,19.4,6.1,
Rizzo, Anthony,519203,2022,32,548,.239,.454,.352,.349,.350,.215,.379,.374,89.4,19.3,10.9,
Romine, Austin,519222,2022,33,136,.159,.248,.193,.195,.190,.090,.270,.274,87.2,9.5,4.7,
Souza Jr., Steven,519306,2022,33,19,.181,.203,.140,.169,.181,.022,.241,.291,83.3,23.6,0,
Stanton, Giancarlo,519317,2022,32,452,.240,.477,.327,.351,.328,.236,.431,.473,95,10.8,19.3,
Vogt, Stephen,519390,2022,37,191,.211,.350,.249,.282,.287,.138,.273,.323,87,21,7.9,
Perez, Salvador,521692,2022,32,473,.245,.473,.324,.326,.285,.228,.403,.405,91.4,17.8,11.2,
Flores, Wilmer,527038,2022,30,602,.233,.370,.312,.310,.322,.137,.326,.323,87.8,20.7,6.3,
Garcia, Avisail,541645,2022,31,380,.230,.366,.258,.281,.273,.136,.334,.369,88.7,2.8,6.4,
Bethancourt, Christian,542194,2022,30,333,.255,.449,.301,.318,.286,.194,.379,.404,90.1,9.4,11.7,
Ozuna, Marcell,542303,2022,31,507,.256,.478,.298,.337,.303,.222,.364,.421,89.4,16.5,13.1,
Villar, Jonathan,542340,2022,31,220,.208,.283,.250,.247,.262,.075,.306,.304,89.6,-0.7,2.7,
Ortega, Rafael,542364,2022,31,371,.241,.346,.305,.307,.334,.104,.327,.331,87.2,17.1,4.8,
Aguilar, Jesus,542583,2022,32,507,.240,.393,.288,.298,.288,.153,.350,.364,87.7,19.1,6.9,
Beckham, Tim,542921,2022,32,25,.186,.235,.071,.181,.186,.049,.110,.282,90.5,-0.4,0,
Berti, Jon,542932,2022,32,404,.236,.358,.298,.306,.322,.122,.331,.343,88,4.7,5.9,
Crawford, Brandon,543063,2022,35,458,.217,.339,.289,.287,.300,.122,.322,.319,88.1,12.3,6.7,
Cron, C.J.,543068,2022,32,632,.244,.438,.335,.321,.306,.194,.428,.408,88.7,14.2,10.8,
Dickerson, Alex,543105,2022,32,36,.221,.395,.189,.297,.285,.175,.197,.360,90.1,18.2,8.3,
Gomes, Yan,543228,2022,34,293,.251,.379,.271,.287,.278,.127,.306,.326,85.3,9.4,3.4,
Grossman, Robbie,543257,2022,32,477,.205,.305,.283,.281,.307,.100,.322,.319,86.7,21.1,3.5,
Harrison, Josh,543281,2022,34,425,.233,.335,.305,.284,.297,.102,.329,.302,87.4,14.7,3.8,
Hicks, Aaron,543305,2022,32,453,.218,.336,.292,.303,.333,.117,.317,.334,87.9,14.8,5.8,
Higashioka, Kyle,543309,2022,32,248,.254,.444,.282,.317,.291,.191,.334,.381,90.9,17.2,9.8,
Hosmer, Eric,543333,2022,32,419,.258,.379,.313,.311,.327,.120,.337,.335,88.4,3.1,5.7,
McCann, James,543510,2022,32,191,.240,.414,.243,.311,.298,.174,.276,.376,90.2,16.3,6.9,
Miller, Brad,543543,2022,32,241,.205,.344,.263,.269,.264,.139,.333,.343,91.1,14.1,7.8,
Nola, Austin,543592,2022,32,397,.256,.351,.290,.305,.330,.095,.295,.316,89.4,12,2.4,
Rendon, Anthony,543685,2022,32,193,.241,.392,.314,.331,.343,.151,.326,.351,89.6,18.7,8.3,
Semien, Marcus,543760,2022,31,724,.243,.394,.317,.306,.301,.151,.348,.333,87.3,19.9,6.8,
Shaw, Travis,543768,2022,32,19,.081,.110,.000,.081,.081,.029,.000,.129,79.3,29,0,
Springer III, George,543807,2022,32,583,.265,.438,.352,.342,.342,.172,.387,.374,88.7,13.9,8.4,
Strange-Gordon, Dee,543829,2022,34,59,.220,.268,.288,.213,.220,.047,.333,.247,84.4,1.3,0,
Vazquez, Christian,543877,2022,31,426,.262,.375,.312,.301,.306,.113,.349,.335,87.9,10.7,5.1,
Wong, Kolten,543939,2022,31,497,.235,.353,.336,.305,.327,.118,.361,.318,87,14,5.4,
Gregorius, Didi,544369,2022,32,232,.237,.327,.251,.275,.288,.091,.262,.293,84.5,15.8,2.8,
Garcia, Leury,544725,2022,31,315,.233,.325,.221,.258,.258,.092,.262,.310,87,6.2,4.2,
Vargas, Ildemaro,545121,2022,30,222,.227,.305,.302,.255,.265,.078,.315,.260,87,7.4,2.1,
Grichuk, Randal,545341,2022,30,538,.229,.370,.315,.281,.271,.141,.390,.343,90,8.7,6.8,
Marisnick, Jake,545350,2022,31,82,.226,.361,.283,.270,.265,.135,.388,.371,88.4,19.9,7.4,
Stassi, Max,545358,2022,31,375,.180,.325,.258,.266,.268,.145,.311,.325,88.6,9.5,9.4,
Trout, Mike,545361,2022,30,499,.265,.583,.418,.395,.354,.317,.564,.527,91.6,24.6,19.7,
Herrera, Odubel,546318,2022,30,197,.225,.348,.287,.272,.268,.123,.340,.320,86.9,4,4.9,
Almora Jr., Albert,546991,2022,28,235,.233,.307,.279,.270,.292,.075,.311,.299,84,6.7,1.8,
Lopes, Christian,547173,2022,29,10,.173,.223,.069,.222,.256,.049,.000,.382,91.1,27.6,0,
Harper, Bryce,547180,2022,29,426,.288,.527,.369,.380,.369,.238,.436,.451,92.1,11.8,12.8,
Perez, Roberto,547379,2022,33,69,.212,.376,.315,.308,.314,.165,.443,.430,89.3,5.4,11.4,
Abreu, Jose,547989,2022,35,679,.296,.486,.361,.373,.372,.190,.393,.410,92.2,8,9.5,
Diaz, Elias,553869,2022,31,381,.222,.339,.284,.274,.278,.117,.330,.316,88.4,11.1,5.9,
Narvaez, Omar,553882,2022,30,296,.207,.293,.269,.268,.294,.087,.280,.278,84.7,17.7,2.4,
Astudillo, Willians,553902,2022,30,55,.265,.315,.243,.265,.279,.050,.249,.272,83,15.5,0,
Machado, Dixon,553988,2022,30,17,.240,.264,.239,.281,.330,.024,.265,.338,71.6,22.5,0,
Suarez, Eugenio,553993,2022,30,629,.220,.454,.344,.339,.321,.234,.456,.446,89.8,19.9,14.8,
Gonzalez, Erik,570481,2022,30,41,.224,.268,.227,.263,.300,.044,.263,.320,84.4,-0.7,0,
Urshela, Gio,570482,2022,30,551,.268,.416,.332,.323,.324,.148,.374,.362,88.9,11.8,7,
Sanchez, Carlos,570560,2022,30,44,.135,.179,.166,.204,.240,.044,.147,.215,84.4,14,0,
Schoop, Jonathan,570731,2022,30,510,.228,.338,.245,.268,.267,.111,.286,.318,87,9.7,4.8,
Arenado, Nolan,571448,2022,31,620,.265,.445,.381,.339,.335,.179,.401,.348,88.7,21.7,8.2,
Barnhart, Tucker,571466,2022,31,308,.201,.264,.253,.244,.269,.063,.289,.276,84.5,10.1,1.9,
Davidson, Matt,571602,2022,31,37,.188,.417,.240,.290,.253,.230,.324,.412,87.3,13.1,14.3,
Farmer, Kyle,571657,2022,31,583,.258,.380,.309,.311,.320,.122,.335,.339,85.5,12.7,4.4,
Hamilton, Billy,571740,2022,31,23,.154,.174,.103,.196,.231,.020,.110,.366,78.4,28.3,0,
Haniger, Mitch,571745,2022,31,247,.245,.450,.319,.328,.309,.205,.402,.416,91.9,18.2,11.8,
Hernandez, Enrique,571771,2022,30,402,.238,.356,.280,.296,.308,.119,.296,.318,87.8,17.1,5.8,
Lamb, Jake,571875,2022,31,111,.215,.390,.314,.314,.314,.175,.426,.426,91.5,15,11.9,
Maile, Luke,571912,2022,31,206,.194,.301,.281,.263,.278,.107,.328,.300,84.5,17,5.4,
Muncy, Max,571970,2022,31,565,.208,.417,.318,.339,.342,.209,.348,.383,90.3,20.9,13.4,
Myers, Wil,571976,2022,31,286,.225,.373,.311,.288,.285,.148,.416,.382,88.5,13,7.3,
Naquin, Tyler,571980,2022,31,334,.247,.433,.303,.317,.299,.186,.396,.418,90.3,14.4,9.6,
Owings, Chris,572008,2022,30,68,.145,.199,.204,.238,.286,.054,.189,.260,80.4,10.8,3,
Piscotty, Stephen,572039,2022,31,139,.216,.353,.258,.275,.278,.137,.358,.388,90.4,10.4,6.3,
Pollock, AJ,572041,2022,34,527,.258,.419,.297,.317,.305,.161,.337,.364,88.8,11.6,9.4,
Taylor, Michael A.,572191,2022,31,456,.223,.358,.297,.289,.288,.135,.355,.344,86.3,12.1,6.8,
Thompson, Trayce,572204,2022,31,255,.251,.496,.370,.366,.350,.245,.554,.547,92.2,16.4,16.4,
Voit III, Luke,572228,2022,31,568,.222,.434,.311,.322,.306,.212,.411,.430,89.8,18.4,14.7,
Walker, Christian,572233,2022,31,667,.257,.484,.346,.359,.343,.227,.388,.407,90,17,11.5,
Zunino, Mike,572287,2022,31,123,.182,.329,.219,.252,.232,.147,.316,.374,91.8,20.8,8.6,
Carpenter, Matt,572761,2022,36,154,.231,.485,.472,.362,.351,.254,.592,.415,89.8,22.4,13.7,
Dickerson, Corey,572816,2022,33,297,.263,.371,.303,.292,.297,.107,.343,.330,87.7,10.6,3.8,
Garneau, Dustin,572863,2022,34,11,.243,.448,.338,.334,.312,.204,.505,.497,89.5,40.6,16.7,
Ruf, Darin,573131,2022,35,388,.219,.371,.291,.310,.321,.153,.335,.367,89.2,14.8,8.6,
Yastrzemski, Mike,573262,2022,31,558,.220,.392,.307,.314,.313,.172,.358,.369,89.9,19.9,11.1,
Contreras, Willson,575929,2022,30,487,.256,.463,.357,.364,.362,.207,.399,.410,90.4,8.5,10.5,
Iglesias, Jose,578428,2022,32,467,.266,.323,.312,.281,.304,.056,.332,.294,83.8,6,0.5,
Bernard, Wynton,592144,2022,31,42,.236,.279,.262,.226,.236,.043,.323,.280,84.6,-6.5,0,
Bryant, Kris,592178,2022,30,181,.279,.426,.370,.344,.352,.147,.398,.364,85,13.5,6.7,
Canha, Mark,592192,2022,33,542,.245,.362,.343,.323,.351,.117,.361,.332,87.7,10.9,4.9,
Casali, Curt,592200,2022,33,176,.189,.325,.295,.289,.309,.136,.340,.330,87.1,25.4,6,
Castellanos, Nick,592206,2022,30,558,.250,.395,.304,.302,.293,.145,.373,.370,87.5,14.6,6.6,
Drury, Brandon,592273,2022,29,568,.242,.420,.350,.316,.303,.179,.421,.373,89.1,13.8,10.4,
Gamel, Ben,592325,2022,30,423,.244,.372,.308,.316,.335,.128,.349,.362,88.8,11.3,6.2,
Goodrum, Niko,592348,2022,30,45,.173,.247,.146,.205,.210,.074,.259,.393,81.9,7.7,5,
Judge, Aaron,592450,2022,30,696,.305,.706,.458,.463,.422,.401,.602,.611,95.9,15,26.5,
Machado, Manny,592518,2022,29,644,.264,.447,.382,.338,.338,.183,.458,.396,91.5,16,9.8,
Moran, Colin,592567,2022,29,128,.233,.383,.300,.318,.328,.150,.334,.363,90.4,10.3,8.5,
Payton, Mark,592622,2022,30,25,.157,.181,.216,.236,.292,.025,.156,.185,84.6,22.5,0,
Pederson, Joc,592626,2022,30,433,.266,.502,.373,.367,.348,.236,.453,.443,93.2,14.8,15.1,
Realmuto, J.T.,592663,2022,31,562,.275,.463,.354,.351,.342,.188,.416,.412,90.3,13.1,11.3,
Renfroe, Hunter,592669,2022,30,522,.240,.438,.347,.323,.303,.199,.424,.390,90.5,17.7,10.9,
Rosario, Eddie,592696,2022,30,270,.200,.318,.258,.250,.249,.118,.314,.301,87.7,15.2,5.4,
Simmons, Andrelton,592743,2022,32,85,.158,.189,.204,.199,.232,.032,.191,.186,81.4,1.1,0,
Yelich, Christian,592885,2022,30,671,.258,.404,.328,.339,.360,.146,.379,.396,91.5,3.6,8.2,
Merrifield, Whit,593160,2022,33,550,.240,.356,.294,.288,.292,.116,.318,.310,87.1,15.1,4.2,
Bogaerts, Xander,593428,2022,29,631,.259,.383,.363,.323,.338,.124,.411,.354,88.1,10.2,6.5,
Alberto, Hanser,593643,2022,29,159,.216,.304,.270,.234,.231,.088,.311,.268,82.9,10.8,1.5,
Polanco, Jorge,593871,2022,28,445,.248,.451,.333,.358,.361,.203,.362,.402,89,21.7,10.2,
Sano, Miguel,593934,2022,29,71,.167,.336,.176,.302,.293,.169,.156,.404,93.9,30,13.9,
Calhoun, Kole,594777,2022,34,424,.223,.382,.260,.294,.284,.158,.343,.399,90.8,15.4,9.8,
Duvall, Adam,594807,2022,33,315,.209,.395,.295,.293,.274,.186,.399,.396,88.3,23.4,12.8,
Gosselin, Phil,594838,2022,33,77,.177,.254,.163,.207,.209,.077,.209,.277,86.4,15,2,
Kiermaier, Kevin,595281,2022,32,221,.250,.388,.286,.305,.301,.138,.365,.393,87.9,5.3,6.9,
Knapp, Andrew,595284,2022,30,46,.185,.247,.195,.254,.293,.062,.171,.269,86.3,17.2,0,
Wallach, Chad,595453,2022,30,40,.243,.438,.224,.332,.321,.195,.230,.393,87,17.7,7.4,
Alfaro, Jorge,595751,2022,29,274,.238,.397,.291,.295,.278,.160,.430,.438,89.4,8,11.2,
Profar, Jurickson,595777,2022,29,658,.251,.359,.320,.315,.340,.108,.330,.323,87.5,12.9,4,
Baez, Javier,595879,2022,29,590,.230,.378,.291,.285,.272,.149,.365,.356,87.9,9.6,8,
Cave, Jake,595909,2022,29,177,.213,.395,.278,.285,.261,.182,.356,.366,90.7,14.4,10.3,
Gallagher, Cam,595956,2022,29,47,.187,.242,.265,.220,.241,.055,.339,.270,85.8,16.3,0,
Hedges, Austin,595978,2022,29,338,.183,.264,.225,.240,.260,.082,.239,.261,84.2,16.7,3.1,
Lindor, Francisco,596019,2022,28,706,.254,.427,.342,.331,.326,.173,.385,.370,89.3,13.8,8.3,
Odor, Rougned,596059,2022,28,472,.207,.339,.278,.277,.279,.132,.319,.318,87.8,21.5,6.5,
Slater, Austin,596103,2022,29,325,.259,.429,.344,.351,.363,.170,.421,.432,89,6.6,10.5,
Story, Trevor,596115,2022,29,396,.221,.397,.316,.301,.290,.176,.429,.404,88.9,17.8,11.3,
Stubbs, Garrett,596117,2022,29,121,.207,.299,.355,.275,.300,.092,.433,.307,85.2,15.2,5.2,
Vogelbach, Daniel,596129,2022,29,461,.236,.428,.349,.350,.360,.192,.405,.407,89.4,15.8,10.6,
Sanchez, Gary,596142,2022,29,471,.220,.439,.290,.321,.298,.218,.361,.412,90.5,14,13.5,
Kepler, Max,596146,2022,29,446,.266,.412,.298,.338,.353,.146,.294,.349,89.1,11.2,7.1,
Quinn, Roman,596451,2022,29,87,.188,.268,.266,.244,.263,.079,.409,.365,91.3,23.3,4.7,
Franco, Maikel,596748,2022,29,388,.243,.351,.261,.272,.270,.108,.306,.321,87,11.5,4.7,
Choi, Ji-Man,596847,2022,31,419,.236,.413,.322,.337,.347,.177,.401,.428,92.2,10.6,11.9,
Bradley Jr., Jackie,598265,2022,32,370,.223,.330,.252,.268,.273,.107,.285,.308,87.6,7.4,4.8,
La Stella, Tommy,600303,2022,33,195,.232,.329,.277,.267,.276,.097,.298,.286,87.9,14.6,2,
Severino, Pedro,600474,2022,28,21,.150,.198,.303,.227,.271,.048,.390,.246,86.7,16.3,0,
Candelario, Jeimer,600869,2022,28,467,.228,.379,.277,.292,.284,.152,.328,.349,87.2,13.5,8.3,
Daza, Yonathan,602074,2022,28,408,.282,.351,.323,.308,.333,.070,.347,.328,84.8,4.6,1.9,
Urias, Ramon,602104,2022,28,445,.250,.420,.313,.320,.309,.170,.371,.381,89.4,11,9.6,
Ahmed, Nick,605113,2022,32,54,.191,.292,.302,.227,.221,.101,.403,.294,86.9,4.4,5.4,
Anderson, Brian,605119,2022,29,383,.229,.379,.293,.309,.317,.150,.347,.372,88.7,7.7,9.7,
Barnes, Austin,605131,2022,32,212,.210,.329,.315,.298,.323,.118,.317,.292,87.4,13.6,4.8,
Bell, Josh,605137,2022,29,647,.273,.424,.344,.349,.369,.151,.358,.366,88.9,8.4,7.2,
Betts, Mookie,605141,2022,29,639,.254,.465,.373,.344,.327,.211,.413,.373,90.5,18.6,9.7,
Caratini, Victor,605170,2022,28,314,.233,.350,.289,.309,.332,.117,.306,.336,89.4,6.6,6.3,
Davis, J.D.,605204,2022,29,365,.245,.471,.333,.353,.338,.227,.459,.494,92.4,12.3,16.2,
Garcia, Aramis,605244,2022,29,115,.212,.314,.228,.247,.246,.102,.301,.331,87.5,19.6,2.6,
Machin, Vimael,605353,2022,28,253,.243,.343,.268,.301,.323,.100,.274,.321,89.3,10.2,3.9,
Perez, Michael,605421,2022,29,132,.205,.359,.228,.276,.266,.154,.259,.329,88.8,18.3,7.8,
Thomas, Dillon,605504,2022,29,14,.092,.105,.213,.217,.286,.013,.177,.188,82.9,-5.7,0,
Zimmer, Bradley,605548,2022,29,117,.138,.268,.203,.225,.220,.130,.263,.305,87,10.5,11.5,
Castro, Harold,605612,2022,28,443,.275,.423,.297,.316,.305,.148,.345,.371,87,11.4,6.1,
Quiroz, Esteban,606019,2022,30,47,.226,.297,.303,.290,.327,.071,.314,.295,81.6,11.3,3.1,
Arcia, Orlando,606115,2022,27,234,.253,.421,.321,.329,.327,.168,.370,.382,90.7,11.7,7.5,
Tapia, Raimel,606132,2022,28,433,.256,.366,.293,.286,.284,.110,.346,.336,87.6,4,5.1,
Aquino, Aristides,606157,2022,28,276,.180,.317,.267,.243,.231,.136,.392,.353,85.6,17.4,8.2,
Hernandez, Teoscar,606192,2022,29,535,.265,.501,.348,.351,.314,.236,.465,.470,92.6,11.6,15,
Mercedes, Yermin,606213,2022,29,83,.253,.392,.301,.329,.343,.139,.323,.364,87.5,25.3,7.1,
Marte, Ketel,606466,2022,28,558,.251,.377,.317,.315,.333,.126,.343,.341,90.1,13.5,6.1,
Haase, Eric,606992,2022,29,351,.239,.399,.322,.302,.292,.161,.420,.390,87.7,17,8.7,
Hager, Jake,606993,2022,29,59,.165,.240,.291,.247,.280,.075,.344,.267,80.8,13.9,5.9,
Nimmo, Brandon,607043,2022,29,673,.261,.409,.353,.342,.357,.148,.377,.361,89.4,6.1,7,
Peterson, Jace,607054,2022,32,328,.235,.366,.306,.303,.316,.132,.371,.366,88.6,9.7,7.2,
Turner, Trea,607208,2022,29,708,.276,.432,.350,.335,.327,.156,.406,.387,88.9,10.2,7.6,
Krizan, Jason,607249,2022,33,10,.151,.174,.226,.251,.321,.022,.177,.226,94.5,9.2,0,
Beaty, Matt,607461,2022,29,47,.199,.257,.158,.243,.267,.059,.132,.245,83.6,10.5,0,
Pillar, Kevin,607680,2022,33,13,.192,.364,.150,.272,.255,.172,.158,.356,88.2,10.7,12.5,
Stallings, Jacob,607732,2022,32,384,.221,.312,.265,.274,.292,.091,.292,.304,86.7,12.9,3.4,
Ramirez, Jose,608070,2022,29,685,.255,.408,.363,.320,.337,.153,.385,.331,87.7,20.7,6.6,
Bregman, Alex,608324,2022,28,656,.257,.416,.358,.350,.369,.159,.348,.337,88.9,19.5,7.3,
Gallo, Joey,608336,2022,28,410,.169,.373,.286,.295,.288,.205,.407,.427,89.6,23.8,17.6,
Kelly, Carson,608348,2022,27,354,.225,.345,.275,.288,.298,.120,.297,.316,87.7,14.7,5.2,
Okey, Chris,608360,2022,27,13,.165,.185,.191,.200,.229,.021,.253,.268,86.2,15.9,0,
Seager, Corey,608369,2022,28,663,.283,.510,.331,.372,.354,.226,.358,.413,91.1,13.6,10.5,
Winker, Jesse,608385,2022,28,547,.249,.403,.313,.345,.369,.154,.311,.361,87.7,16.8,7.6,
Godoy, Jose,608422,2022,27,22,.110,.129,.103,.158,.191,.019,.080,.190,78,-3,0,
Mazara, Nomar,608577,2022,27,171,.250,.357,.297,.294,.303,.106,.357,.352,86.1,17.6,4.2,
Murphy, Tom,608596,2022,31,42,.290,.536,.397,.420,.429,.246,.539,.586,94.3,13.4,20,
Jankowski, Travis,608671,2022,31,64,.198,.230,.222,.259,.310,.032,.177,.230,80.5,-3.2,0,
Mayfield, Jack,608686,2022,31,74,.187,.257,.224,.221,.231,.070,.260,.256,84.5,13.5,1.9,
Plawecki, Kevin,608700,2022,31,186,.228,.299,.259,.268,.294,.071,.269,.281,89.3,11.4,0,
Refsnyder, Rob,608701,2022,31,177,.286,.472,.381,.374,.371,.187,.480,.469,89.9,13.1,10.9,
Reynolds, Matt,608703,2022,31,272,.215,.305,.293,.272,.294,.090,.366,.331,90.2,5.6,3,
Meneses, Joey,608841,2022,30,240,.267,.457,.395,.332,.315,.190,.491,.404,91.4,9.5,9.9,
Hernandez, Elier,609274,2022,27,35,.168,.227,.193,.183,.187,.059,.319,.300,84,30.7,5.3,
Mondesi, Adalberto,609275,2022,26,54,.166,.231,.166,.211,.228,.066,.206,.288,88,7.8,3.3,
Andujar, Miguel,609280,2022,27,140,.253,.351,.247,.281,.281,.098,.289,.333,84.4,9.2,3.7,
Vosler, Jason,613564,2022,28,111,.244,.376,.349,.312,.326,.132,.439,.381,84.7,15.2,4.3,
Cordero, Franchy,614173,2022,27,275,.228,.402,.304,.313,.310,.174,.418,.434,89.7,12.7,12.3,
Reyes, Franmil,614177,2022,26,473,.203,.358,.280,.275,.259,.155,.388,.381,92,9.9,11.3,
Torrens, Luis,620443,2022,26,166,.236,.333,.261,.284,.299,.097,.334,.371,90.3,8.9,4.9,
Martin Jr., Richie,621006,2022,27,33,.185,.268,.240,.241,.259,.083,.293,.295,86.5,6.4,5,
Schrock, Max,621011,2022,27,27,.189,.237,.156,.203,.219,.047,.177,.240,82.8,19.4,0,
Swanson, Dansby,621020,2022,28,696,.257,.461,.337,.337,.314,.204,.431,.430,90.2,15.7,10.8,
Newman, Kevin,621028,2022,28,309,.260,.332,.303,.285,.304,.072,.334,.312,85.8,13.1,1.6,
Taylor, Chris,621035,2022,31,454,.195,.340,.298,.277,.282,.145,.417,.379,87.4,20.4,10.2,
Correa, Carlos,621043,2022,27,590,.276,.484,.362,.363,.353,.208,.420,.422,89.9,11.6,11.4,
Phillips, Brett,621433,2022,28,225,.156,.244,.213,.220,.230,.088,.313,.327,88.5,22.8,4.5,
Taylor, Tyrone,621438,2022,28,405,.236,.412,.314,.307,.289,.176,.391,.380,88,16.9,9.9,
Buxton, Byron,621439,2022,28,382,.242,.509,.356,.358,.323,.267,.478,.481,92.9,21.4,16.4,
Brinson, Lewis,621446,2022,28,39,.181,.380,.289,.264,.224,.199,.437,.394,87.8,12,13,
Bolt, Skye,621450,2022,28,116,.194,.321,.261,.258,.256,.127,.313,.307,89.2,9.3,5.2,
Duggar, Steven,621453,2022,28,80,.146,.240,.205,.215,.224,.094,.362,.388,92.9,16.9,6.3,
Rios, Edwin,621458,2022,28,92,.225,.457,.338,.312,.276,.231,.545,.499,88.5,10.9,14,
Ward, Taylor,621493,2022,28,564,.268,.474,.362,.361,.352,.206,.421,.420,90,15.8,12.4,
Nido, Tomas,621512,2022,28,313,.242,.377,.265,.287,.279,.135,.330,.362,86.3,8.3,6.3,
Bemboom, Anthony,621532,2022,32,59,.182,.266,.196,.246,.269,.084,.207,.290,90.1,7,5.6,
Wisdom, Patrick,621550,2022,30,534,.188,.380,.316,.295,.284,.191,.438,.399,90.7,21,14.2,
Wendle, Joey,621563,2022,32,371,.250,.331,.289,.276,.289,.081,.310,.294,87.5,3,1.7,
Olson, Matt,621566,2022,28,699,.248,.467,.344,.347,.334,.219,.417,.422,92.9,16.1,13.6,
Duffy, Matt,622110,2022,31,247,.234,.333,.279,.280,.293,.098,.313,.315,87.1,9.9,2.8,
Munoz, Yairo,622168,2022,27,60,.226,.328,.283,.263,.265,.102,.318,.292,85,1.3,4.3,
Walton, Donovan,622268,2022,28,78,.191,.310,.208,.228,.212,.119,.247,.273,86.1,7.7,5,
Margot, Manuel,622534,2022,27,363,.264,.357,.308,.299,.316,.092,.351,.339,89.5,10.2,3.7,
Reyes, Pablo,622569,2022,28,16,.160,.186,.264,.187,.213,.026,.272,.177,83.6,1.1,0,
Camargo, Johan,622666,2022,28,166,.225,.309,.276,.267,.286,.084,.318,.306,86.4,11.6,2.6,
Reyes, Victor,622682,2022,27,336,.261,.368,.284,.292,.297,.107,.345,.357,87.9,10.9,5,
Mateo, Jorge,622761,2022,27,533,.222,.344,.281,.272,.269,.122,.362,.348,86.8,14.8,6,
Heineman, Tyler,623168,2022,31,174,.248,.293,.248,.273,.305,.045,.236,.267,82.7,19.9,0,
Velazquez, Andrew,623205,2022,27,349,.202,.312,.239,.246,.243,.110,.337,.350,88,8.2,6.6,
Bote, David,623520,2022,29,127,.233,.354,.325,.289,.293,.122,.476,.415,92.4,7.9,6.9,
Ramirez, Harold,623912,2022,27,435,.280,.387,.327,.314,.324,.108,.368,.351,88.5,4.8,4.8,
Santander, Anthony,623993,2022,27,647,.257,.471,.336,.352,.335,.214,.373,.395,90.1,21.4,11.6,
Alonso, Pete,624413,2022,27,685,.262,.489,.366,.354,.346,.227,.420,.404,89.8,18.2,12.3,
Arroyo, Christian,624414,2022,27,300,.292,.430,.319,.330,.330,.138,.363,.378,88.9,9.1,6.4,
Biggio, Cavan,624415,2022,27,303,.193,.319,.302,.288,.311,.126,.350,.327,87.9,19.6,6.9,
Frazier, Adam,624428,2022,30,602,.262,.339,.274,.297,.324,.077,.272,.302,85.1,13.6,1.5,
Trevino, Jose,624431,2022,29,353,.239,.364,.293,.281,.275,.125,.335,.319,87.9,13,5.1,
Gordon, Nick,624503,2022,26,443,.261,.464,.321,.333,.308,.203,.397,.413,90.6,12.5,9.4,
McGuire, Reese,624512,2022,27,274,.233,.326,.297,.267,.276,.092,.351,.311,87,14.1,2.5,
Nunez, Dom,624513,2022,27,41,.156,.243,.196,.245,.279,.086,.157,.237,85.3,15.8,4,
Soler, Jorge,624585,2022,30,306,.226,.421,.305,.322,.312,.196,.386,.415,91.2,13.7,12.2,
Sosa, Edmundo,624641,2022,26,190,.244,.350,.282,.286,.291,.106,.352,.358,86.8,11.4,5.5,
Heredia, Guillermo,628338,2022,31,82,.160,.289,.246,.228,.222,.129,.364,.331,86,14.6,11.4,
Hernandez, Yadiel,628450,2022,34,327,.244,.407,.315,.310,.293,.163,.383,.377,88.8,3.5,8.6,
Ibanez, Andy,628451,2022,29,128,.214,.344,.249,.272,.270,.130,.262,.291,88.3,14.9,6.1,
Cronenworth, Jake,630105,2022,28,684,.221,.356,.318,.303,.319,.135,.341,.318,87.6,18.2,5.6,
Frazier, Jackson,640449,2022,27,45,.203,.292,.305,.300,.345,.089,.316,.306,85.9,18,3.8,
Meadows, Austin,640457,2022,27,147,.308,.460,.307,.380,.398,.153,.288,.384,87.8,17.2,6.3,
Mercado, Oscar,640458,2022,27,128,.203,.350,.266,.258,.239,.147,.321,.310,86.3,22.2,6.5,
Pinder, Chad,640461,2022,30,379,.235,.380,.281,.280,.263,.145,.393,.393,87.5,9.7,6.5,
Azocar, Jose,640492,2022,26,216,.241,.317,.278,.272,.285,.077,.324,.317,88.3,9.4,2.5,
Anderson, Tim,641313,2022,29,351,.302,.438,.323,.340,.340,.136,.363,.385,88.2,3.3,5.8,
Bellinger, Cody,641355,2022,26,550,.213,.354,.284,.278,.271,.141,.357,.348,89.4,20.3,8.3,
Calhoun, Willie,641432,2022,27,62,.215,.327,.249,.309,.343,.112,.193,.278,89.4,14.2,2.3,
Collins, Zack,641470,2022,27,108,.181,.317,.245,.257,.256,.137,.342,.366,91,20.1,8.8,
Crawford, J.P.,641487,2022,27,603,.255,.337,.306,.315,.353,.081,.293,.306,85.1,8.9,2,
Davis, Jonathan,641505,2022,30,91,.218,.262,.278,.284,.340,.044,.308,.317,84.6,2.8,0,
Delay, Jason,641511,2022,27,167,.200,.251,.243,.230,.253,.051,.311,.290,84.9,15.7,1.9,
DeLuzio, Ben,641512,2022,27,25,.268,.311,.242,.330,.390,.044,.202,.342,72.8,12.8,0,
Demeritte, Travis,641513,2022,27,96,.211,.333,.263,.263,.261,.122,.364,.365,88.8,9.7,6.9,
Dixon, Brandon,641525,2022,30,14,.239,.293,.216,.234,.239,.054,.337,.364,88.4,20.2,0,
Dozier, Hunter,641531,2022,30,500,.241,.387,.298,.301,.297,.146,.365,.371,88.5,13.1,7.7,
Engel, Adam,641553,2022,30,260,.219,.287,.256,.246,.264,.068,.335,.320,87.9,15,1.8,
Fraley, Jake,641584,2022,27,247,.248,.417,.352,.333,.338,.168,.409,.382,85.1,13.8,7.3,
Garver, Mitch,641598,2022,31,215,.222,.405,.308,.319,.313,.182,.358,.374,88.9,18.4,8.8,
Guillorme, Luis,641645,2022,27,335,.255,.335,.311,.302,.335,.080,.316,.303,86.2,4.3,2.4,
Hampson, Garrett,641658,2022,27,226,.202,.290,.267,.261,.282,.087,.321,.312,86.5,10.2,4.3,
Heim, Jonah,641680,2022,27,450,.224,.361,.306,.291,.296,.137,.338,.319,89.3,17,6.9,
Hermosillo, Michael,641684,2022,27,73,.169,.247,.203,.259,.296,.078,.204,.322,86.6,17.4,8.6,
Katoh, Gosuke,641741,2022,27,11,.215,.259,.333,.351,.451,.044,.210,.241,83.3,25.6,0,
Leblanc, Charles,641779,2022,26,169,.218,.368,.318,.285,.278,.150,.435,.381,87.3,16.9,8.7,
Lewis, Kyle,641786,2022,26,62,.206,.400,.239,.300,.284,.195,.287,.393,89.9,16.9,10.8,
Locastro, Tim,641796,2022,29,46,.253,.416,.259,.316,.303,.163,.273,.346,86.5,11.8,5.6,
Mancini III, Trey,641820,2022,30,587,.245,.410,.312,.327,.328,.165,.361,.383,89.5,12.7,9.8,
McKinney, Billy,641856,2022,27,57,.158,.249,.144,.203,.216,.091,.162,.251,83.8,17.4,5.4,
McMahon, Ryan,641857,2022,27,597,.248,.423,.326,.330,.329,.176,.400,.407,91.7,10.8,10.4,
Neuse, Sheldon,641914,2022,27,293,.212,.291,.253,.254,.272,.079,.309,.312,89.1,1.5,3.1,
O'Neill, Tyler,641933,2022,27,383,.240,.423,.307,.331,.324,.183,.373,.410,89.8,13.6,11.3,
Palacios, Josh,641943,2022,26,49,.213,.252,.225,.225,.245,.039,.300,.301,81.3,4.9,0,
Robinson, Chuckie,642020,2022,27,60,.227,.375,.173,.260,.227,.148,.243,.365,86.2,0.5,9.3,
Smith, Dominic,642086,2022,27,152,.219,.360,.254,.293,.299,.141,.278,.337,89.6,10.9,7.1,
Tellez, Rowdy,642133,2022,27,599,.252,.479,.327,.349,.337,.226,.372,.404,91.1,15.3,12.9,
Thaiss, Matt,642136,2022,27,81,.212,.325,.286,.289,.317,.113,.348,.352,88.5,7.5,6.5,
Thomas, Cody,642137,2022,27,32,.216,.269,.264,.240,.265,.054,.393,.349,89.5,9.3,0,
VanMeter, Josh,642165,2022,27,192,.224,.341,.251,.288,.301,.117,.275,.330,88.1,14.3,4.7,
Wade, Tyler,642180,2022,27,163,.212,.278,.247,.248,.267,.065,.275,.276,83.9,11.5,1.7,
White, Eli,642201,2022,28,117,.183,.293,.260,.255,.261,.110,.352,.343,86.4,21.5,4.6,
Mejia, Francisco,642336,2022,26,299,.242,.329,.279,.262,.265,.087,.344,.320,86.8,15.7,2.7,
Siri, Jose,642350,2022,26,325,.207,.323,.268,.261,.262,.116,.367,.355,87.2,15.4,6.2,
Sierra, Magneuris,642423,2022,26,96,.197,.234,.195,.212,.230,.038,.239,.263,82.2,7.2,0,
Barrera, Luis,642456,2022,26,85,.213,.310,.280,.261,.276,.096,.311,.285,87.1,5.1,3.3,
Rosario, Amed,642708,2022,26,670,.276,.396,.311,.310,.308,.120,.356,.354,88.4,5,4.5,
Adames, Willy,642715,2022,26,617,.238,.451,.325,.323,.299,.213,.416,.414,88.9,18.9,13,
Gutierrez, Kelvin,642721,2022,27,33,.199,.331,.208,.284,.302,.132,.196,.319,89.6,5.9,5,
Alcantara, Sergio,642727,2022,25,224,.209,.291,.269,.244,.254,.082,.333,.297,86.6,13.5,1.9,
Estrada, Thairo,642731,2022,26,541,.246,.352,.317,.299,.312,.107,.343,.319,86.2,8.1,4.4,
Wynns, Austin,642851,2022,31,177,.223,.318,.298,.267,.279,.096,.347,.304,84.1,10.4,4,
Benintendi, Andrew,643217,2022,27,521,.273,.407,.342,.334,.347,.134,.361,.351,89.2,12.6,5.1,
Cooper, Garrett,643265,2022,31,469,.260,.436,.330,.341,.338,.177,.400,.418,89.6,8.8,10.7,
Dubon, Mauricio,643289,2022,27,265,.240,.331,.248,.272,.280,.091,.254,.282,84.7,16.7,2.3,
Hamilton, Caleb,643348,2022,27,23,.069,.215,.219,.223,.238,.146,.518,.536,95.7,2.3,20,
Jansen, Danny,643376,2022,27,248,.264,.514,.364,.368,.344,.250,.404,.411,90.4,22.2,13.1,
Kemp, Tony,643393,2022,30,558,.219,.291,.287,.267,.294,.072,.284,.257,84.4,15,1.6,
Kiner-Falefa, Isiah,643396,2022,27,531,.262,.333,.285,.290,.317,.071,.297,.304,86.2,4.3,1.2,
McNeil, Jeff,643446,2022,30,589,.280,.389,.365,.323,.341,.109,.377,.325,86.9,12.8,2.7,
Schwindel, Frank,643524,2022,30,292,.230,.351,.278,.278,.281,.121,.318,.320,88.1,10.2,4.7,
Chang, Yu,644374,2022,26,190,.213,.357,.273,.290,.294,.144,.342,.371,88.8,14.3,9,
Albies, Ozzie,645277,2022,25,269,.239,.387,.305,.297,.290,.148,.341,.331,87.1,16.9,5.4,
Robles, Victor,645302,2022,25,407,.203,.280,.260,.244,.256,.077,.319,.295,84.6,15.8,3.2,
Herrera, Jose,645444,2022,25,124,.152,.180,.213,.186,.215,.029,.251,.209,84.7,3,0,
Ford, Mike,645801,2022,29,149,.210,.302,.280,.278,.306,.092,.322,.318,88.7,18.1,3.3,
Devers, Rafael,646240,2022,25,614,.282,.497,.373,.361,.348,.215,.436,.420,93.1,11.3,11.5,
Naylor, Josh,647304,2022,25,498,.257,.430,.331,.327,.323,.173,.364,.358,89.4,10.3,8.6,
Toro, Abraham,647351,2022,25,352,.226,.372,.246,.284,.277,.146,.268,.318,87,16.7,6.8,
Diaz, Aledmys,649557,2022,31,327,.261,.396,.301,.308,.306,.134,.333,.343,86.6,12.4,6.3,
Urias, Luis,649966,2022,25,472,.238,.398,.327,.326,.335,.161,.359,.358,87.3,18,8.3,
Diaz, Lewin,650331,2022,25,174,.167,.262,.228,.219,.223,.095,.290,.276,88.3,15.6,5.6,
Arraez, Luis,650333,2022,25,603,.288,.408,.350,.333,.350,.121,.345,.326,88.9,12.9,3.6,
Palacios, Jermaine,650339,2022,25,77,.191,.313,.184,.237,.230,.122,.249,.339,87.5,4.5,6.5,
Jimenez, Eloy,650391,2022,25,327,.266,.512,.370,.365,.335,.246,.444,.437,92.8,7.4,14.7,
Torres, Gleyber,650402,2022,25,572,.244,.441,.328,.319,.298,.198,.398,.385,90.4,17.5,10.7,
Castro, Willi,650489,2022,25,392,.261,.339,.285,.290,.304,.079,.334,.340,84.8,13.9,3.5,
Diaz, Yandy,650490,2022,30,558,.288,.424,.366,.365,.395,.137,.355,.353,92.2,7.7,4.8,
De La Cruz, Bryan,650559,2022,25,355,.287,.498,.313,.355,.327,.212,.397,.458,90.8,9.8,11.9,
Viloria, Meibrys,650619,2022,25,75,.142,.247,.256,.243,.268,.106,.331,.304,88.4,5.6,8.6,
Rengifo, Luis,650859,2022,25,511,.254,.392,.314,.296,.285,.138,.355,.333,86.9,9.9,5.4,
Pinto, Rene,650907,2022,25,83,.187,.278,.249,.219,.216,.091,.412,.357,89.1,12.6,4.4,
Perez, Carlos,656024,2022,25,18,.228,.294,.238,.230,.228,.066,.268,.258,82.4,15.4,0,
Adams, Riley,656180,2022,26,155,.200,.354,.249,.276,.267,.154,.308,.353,90.2,13.5,9.4,
Allen, Greg,656185,2022,29,134,.176,.246,.242,.229,.251,.070,.303,.282,87.6,8.5,2.5,
Bouchard, Sean,656248,2022,26,97,.244,.349,.417,.360,.421,.105,.505,.395,89.8,15.3,2,
Bradley, Bobby,656252,2022,26,17,.147,.185,.104,.144,.147,.038,.221,.307,87.5,2.7,0,
Chapman, Matt,656305,2022,29,621,.234,.440,.331,.341,.331,.206,.407,.425,92.2,19,12.9,
Chavis, Michael,656308,2022,26,426,.217,.336,.282,.261,.256,.119,.380,.348,85.4,11.1,7.5,
Dunand, Joe,656388,2022,26,11,.131,.232,.449,.205,.210,.101,.602,.220,85.9,40.1,0,
Ellis, Drew,656403,2022,26,17,.178,.228,.219,.205,.226,.050,.337,.312,88.4,9.4,0,
Fairchild, Stuart,656413,2022,26,110,.221,.396,.350,.317,.313,.175,.466,.409,88.9,13.3,9.5,
Garrett, Stone,656448,2022,26,84,.198,.369,.360,.268,.240,.171,.527,.378,92.9,22.8,10,
Guthrie, Dalton,656495,2022,26,28,.237,.344,.437,.363,.427,.108,.527,.380,76.8,8.1,7.1,
Harrison, Monte,656509,2022,26,14,.121,.272,.361,.282,.309,.151,.985,.616,103,8.7,33.3,
Haseley, Adam,656514,2022,26,25,.219,.254,.270,.266,.316,.035,.316,.309,84,-14.7,0,
Hill, Derek,656537,2022,26,92,.193,.242,.249,.230,.243,.049,.335,.305,85.2,6.6,3.4,
Hilliard, Sam,656541,2022,28,200,.216,.361,.251,.303,.312,.145,.283,.370,92,13.4,9.2,
Hoskins, Rhys,656555,2022,29,672,.239,.445,.345,.338,.327,.207,.419,.408,90.1,18.1,11.1,
Jackson, Alex,656577,2022,26,12,.183,.210,.221,.172,.183,.026,.530,.414,79.7,17,0,
Joe, Connor,656582,2022,29,467,.241,.340,.314,.311,.342,.100,.336,.333,85.3,10.6,4.5,
Kolozsvary, Mark,656627,2022,26,21,.192,.304,.294,.236,.231,.112,.498,.388,88.3,-1.8,9.1,
Luplow, Jordan,656669,2022,28,234,.198,.351,.281,.288,.293,.153,.320,.331,87.2,17.7,7.5,
Matijevic, J.J.,656695,2022,26,71,.213,.325,.258,.259,.257,.112,.369,.371,88.8,8.9,2.4,
McKinstry, Zach,656716,2022,27,185,.229,.342,.280,.288,.300,.113,.347,.359,86.4,12.9,4.3,
Mullins II, Cedric,656775,2022,27,672,.232,.349,.315,.288,.297,.117,.355,.318,88.8,17.4,4.9,
O'Hearn, Ryan,656811,2022,28,145,.271,.425,.272,.327,.321,.154,.325,.405,92.1,13.4,7,
Padlo, Kevin,656821,2022,25,34,.163,.210,.135,.177,.188,.047,.170,.231,90.8,16.4,0,
Rivera, Emmanuel,656896,2022,26,359,.238,.410,.306,.310,.296,.173,.365,.370,90.4,9.8,9.3,
Schwarber, Kyle,656941,2022,29,669,.237,.535,.355,.375,.341,.298,.465,.501,93.3,19.2,20.1,
Smith, Pavin,656976,2022,26,277,.216,.379,.294,.304,.300,.163,.342,.357,87.9,15.2,9.9,
Thomas, Lane,657041,2022,26,548,.222,.357,.308,.286,.286,.135,.371,.339,86.4,12.5,6.5,
Tucker, Cole,657061,2022,25,63,.183,.275,.172,.198,.183,.092,.285,.329,82.4,4.8,7.9,
Verdugo, Alex,657077,2022,26,644,.278,.428,.319,.329,.327,.151,.342,.353,89.1,8.4,6,
Wong, Connor,657136,2022,26,56,.185,.367,.263,.281,.270,.183,.311,.342,89.8,5.1,11.8,
Alvarez, Eddy,657193,2022,32,27,.191,.220,.136,.179,.188,.029,.208,.274,88,10.3,0,
DeJong, Paul,657557,2022,28,237,.182,.327,.241,.267,.267,.146,.298,.345,87.6,21.7,9.8,
Laureano, Ramon,657656,2022,27,383,.219,.402,.294,.307,.294,.183,.359,.380,88.7,14.9,11.6,
Papierski, Michael,657709,2022,26,103,.171,.204,.197,.217,.253,.033,.201,.231,77.4,12.2,0,
Sheets, Gavin,657757,2022,26,410,.224,.359,.308,.283,.281,.135,.359,.325,88.6,14.8,6.5,
Olivares, Edward,658668,2022,26,174,.288,.433,.326,.339,.339,.145,.384,.403,89.2,6.6,6.3,
Moncada, Yoan,660162,2022,27,433,.220,.375,.275,.289,.282,.155,.338,.360,88.7,15.7,9.8,
Ohtani, Shohei,660271,2022,27,666,.278,.552,.370,.385,.361,.274,.461,.486,92.9,12.1,16.8,
Tsutsugo, Yoshi,660294,2022,30,193,.197,.285,.221,.254,.275,.088,.238,.290,88.8,10.1,5.6,
Arauz, Jonathan,660620,2022,23,41,.255,.385,.157,.282,.269,.130,.208,.393,87.4,12.1,7.1,
Hernandez, Yonny,660634,2022,24,28,.170,.201,.121,.202,.234,.031,.088,.194,82.3,-12.5,0,
Castillo, Diego,660636,2022,24,283,.224,.389,.272,.292,.273,.164,.344,.374,89.1,14.6,9.9,
Brujan, Vidal,660644,2022,24,162,.189,.256,.220,.236,.256,.066,.238,.261,86.1,14.2,2.7,
Garcia, Dermis,660650,2022,24,125,.167,.324,.285,.244,.227,.157,.482,.398,86.5,12.2,13.1,
Acuna Jr., Ronald,660670,2022,24,533,.272,.486,.335,.366,.358,.214,.397,.444,91.2,10.8,12.8,
Ruiz, Keibert,660688,2022,23,433,.277,.403,.299,.328,.338,.126,.301,.338,88,14.9,3.7,
Montero, Elehuris,660707,2022,23,185,.213,.338,.303,.260,.251,.125,.429,.360,89.8,13.2,8.6,
Gonzalez, Oscar,660757,2022,24,382,.279,.422,.339,.320,.313,.143,.408,.383,88.6,5.4,7.3,
Yepez, Juan,660766,2022,24,274,.216,.394,.319,.286,.263,.178,.386,.340,86.5,17.1,9.2,
Sanchez, Jesus,660821,2022,24,343,.226,.383,.298,.298,.290,.158,.370,.370,89.5,11,9.9,
Park, Hoy,660829,2022,26,60,.208,.344,.282,.269,.270,.136,.338,.320,85.1,10.3,10,
Contreras, William,661388,2022,24,376,.243,.479,.370,.347,.323,.235,.483,.446,90.4,6.1,13.4,
Serven, Brian,661531,2022,27,205,.212,.291,.263,.254,.271,.080,.298,.286,84.5,12.5,2.7,
Varsho, Daulton,662139,2022,25,592,.214,.389,.323,.298,.285,.176,.392,.355,87.7,14.9,10.2,
Nootbaar, Lars,663457,2022,24,347,.247,.414,.342,.346,.360,.167,.371,.377,91.7,10.7,12.1,
Davis, Brendon,663478,2022,24,11,.240,.394,.223,.311,.309,.154,.253,.390,88,34.2,14.3,
Nevin, Tyler,663527,2022,25,184,.214,.326,.261,.293,.316,.111,.274,.328,87.3,17.7,3.5,
Hoerner, Nico,663538,2022,25,517,.270,.366,.320,.301,.318,.097,.336,.314,87.2,10.7,2.6,
Riley, Austin,663586,2022,25,693,.271,.531,.377,.378,.349,.260,.465,.468,92.5,12.9,15.7,
Madrigal, Nick,663611,2022,25,228,.256,.312,.267,.283,.313,.055,.267,.286,85.9,-0.2,0,
Larnach, Trevor,663616,2022,25,180,.227,.442,.309,.322,.303,.215,.415,.437,90.1,13.1,11.4,
Mountcastle, Ryan,663624,2022,25,609,.277,.509,.316,.362,.332,.232,.393,.463,91.3,15.9,15,
McKenna, Ryan,663630,2022,25,172,.210,.331,.279,.267,.271,.121,.381,.361,86.7,15.4,9.6,
Hayes, Ke'Bryan,663647,2022,25,560,.250,.354,.294,.303,.321,.105,.333,.347,91,5.2,3.9,
Tucker, Kyle,663656,2022,25,609,.262,.482,.348,.353,.336,.220,.378,.386,90,19,10.2,
Cameron, Daz,663662,2022,25,70,.223,.401,.280,.303,.289,.178,.350,.388,90.4,17.1,9.1,
India, Jonathan,663697,2022,25,431,.238,.353,.314,.301,.318,.116,.357,.339,85.1,14.5,4.8,
Bart, Joey,663698,2022,25,291,.210,.370,.294,.296,.292,.160,.435,.439,87.3,16.3,10.1,
Raleigh, Cal,663728,2022,25,415,.216,.461,.330,.324,.290,.246,.432,.422,90.9,22.5,15.4,
Fortes, Nick,663743,2022,25,240,.249,.398,.308,.319,.322,.148,.336,.353,89.3,15.4,7,
Grisham, Trent,663757,2022,25,524,.204,.354,.280,.295,.302,.150,.333,.358,88.3,15.1,8.1,
Vierling, Matt,663837,2022,25,357,.279,.408,.285,.327,.331,.129,.321,.379,91.2,12,5,
Rivas III, Alfonso,663845,2022,25,287,.219,.308,.285,.281,.309,.090,.356,.349,86.9,4.9,4.2,
Gonzalez, Romy,663853,2022,25,109,.228,.359,.264,.265,.248,.131,.399,.401,91.2,3.3,9,
Stephenson, Tyler,663886,2022,25,183,.260,.394,.370,.318,.323,.134,.474,.395,87.1,11.1,6.6,
Williams, Luke,663897,2022,25,136,.198,.272,.265,.233,.251,.074,.365,.313,83.3,16.7,3.6,
Rodgers, Brendan,663898,2022,25,581,.265,.404,.321,.326,.330,.139,.354,.361,90,4.6,7.2,
Plummer, Nick,663911,2022,25,31,.200,.396,.248,.280,.252,.195,.370,.428,89.1,7.8,11.8,
Lowe, Nathaniel,663993,2022,26,645,.275,.459,.368,.344,.333,.184,.453,.419,90.2,8.2,9.9,
Happ, Ian,664023,2022,27,641,.239,.379,.339,.306,.315,.140,.408,.359,89.7,10.9,6.5,
Mathias, Mark,664029,2022,27,91,.214,.384,.353,.298,.290,.170,.499,.402,90.2,11.8,11.5,
France, Ty,664034,2022,27,613,.262,.398,.337,.321,.330,.136,.364,.343,87.6,10.1,5.4,
Lowe, Brandon,664040,2022,27,266,.237,.401,.306,.320,.322,.164,.347,.368,89.4,16.6,10.3,
Davis, Jaylin,664041,2022,27,27,.227,.272,.352,.272,.313,.045,.573,.406,88.2,7.1,0,
Bader, Harrison,664056,2022,28,313,.234,.321,.286,.270,.279,.088,.329,.307,83.4,16.7,3.4,
Fletcher, David,664058,2022,28,228,.285,.344,.275,.295,.317,.059,.276,.299,82.1,15,0,
Haggerty, Sam,664059,2022,28,201,.230,.330,.320,.285,.313,.100,.399,.344,86,13.6,4,
Allen, Austin,664119,2022,28,16,.067,.108,.143,.153,.184,.042,.177,.207,92.7,25,0,
Moore, Dylan,664238,2022,29,255,.202,.360,.338,.322,.350,.158,.407,.378,87.2,20.7,12.9,
Garlick, Kyle,664247,2022,30,162,.227,.423,.311,.305,.279,.195,.415,.405,90.2,15.1,9.7,
Florial, Estevan,664314,2022,24,35,.149,.256,.155,.235,.246,.107,.147,.302,85.6,14.3,5.6,
Whitefield, Aaron,664334,2022,25,11,.159,.285,.000,.189,.159,.126,.000,.346,95.3,-1.8,16.7,
Lopez, Alejo,664670,2022,26,156,.249,.329,.286,.280,.303,.080,.301,.295,83.8,9.3,0.8,
Straw, Myles,664702,2022,27,596,.236,.301,.257,.275,.306,.065,.254,.278,87,9.8,0.7,
Isbel, Kyle,664728,2022,25,278,.220,.323,.265,.266,.273,.102,.330,.330,89.7,10.6,4.9,
Higgins, P.J.,664731,2022,29,229,.205,.287,.306,.264,.290,.081,.366,.300,86,8.7,3.4,
Bohm, Alec,664761,2022,25,631,.290,.436,.310,.333,.327,.146,.353,.383,90.2,10.4,6.8,
Wade Jr., LaMonte,664774,2022,28,251,.221,.407,.298,.321,.317,.187,.315,.349,87.7,21.1,9.5,
Mazeika, Patrick,664850,2022,28,72,.188,.284,.222,.218,.211,.097,.240,.235,84.5,15.4,3.3,
Zavala, Seby,664874,2022,28,205,.207,.326,.323,.283,.295,.119,.432,.362,88.8,22.7,9.2,
Mendick, Danny,664901,2022,28,106,.229,.327,.344,.273,.287,.099,.413,.313,86.8,10.3,4,
Brown, Seth,664913,2022,29,555,.251,.454,.323,.338,.324,.203,.404,.426,89.2,15.8,13,
McCarthy, Jake,664983,2022,24,354,.249,.357,.337,.298,.310,.108,.399,.343,87.4,8,4.8,
Clemens, Kody,665019,2022,26,127,.193,.325,.220,.249,.242,.132,.261,.304,89.4,17.4,5.8,
Walsh, Jared,665120,2022,28,454,.221,.368,.278,.280,.274,.147,.374,.376,90.1,10.7,9.5,
Proctor, Ford,665154,2022,25,22,.220,.302,.197,.296,.319,.082,.174,.302,89.4,-10.5,5.9,
Maton, Nick,665155,2022,25,85,.217,.357,.364,.306,.318,.140,.518,.410,86.6,18.6,6.7,
Pena, Jeremy,665161,2022,24,558,.248,.397,.309,.300,.285,.149,.388,.376,88.1,8.7,9.7,
Celestino, Gilberto,665482,2022,23,347,.219,.294,.280,.270,.297,.075,.312,.298,87.3,-1.9,2.5,
Guerrero Jr., Vladimir,665489,2022,23,706,.276,.462,.351,.348,.342,.185,.391,.387,92.8,4.3,11.2,
Pache, Cristian,665506,2022,23,260,.228,.300,.207,.259,.276,.072,.247,.326,89.4,3.8,3.4,
Fox, Lucius,665650,2022,24,28,.156,.211,.094,.182,.188,.055,.110,.253,81.8,-3.5,5.6,
Soto, Juan,665742,2022,23,664,.266,.501,.376,.401,.420,.235,.363,.402,91,9.1,12.4,
Taveras, Leody,665750,2022,23,341,.230,.322,.297,.270,.281,.092,.372,.332,89.3,12,4.3,
Cabrera, Oswaldo,665828,2022,23,171,.220,.361,.322,.287,.288,.141,.400,.347,86.8,21.5,6.3,
Cruz, Oneil,665833,2022,23,361,.223,.410,.320,.304,.286,.188,.466,.439,91.9,8.3,15.5,
Rivero, Sebastian,665861,2022,23,29,.163,.263,.175,.221,.223,.100,.221,.300,87.2,12.7,5.9,
Chisholm Jr., Jazz,665862,2022,24,241,.242,.473,.365,.345,.320,.230,.473,.442,90.4,15.5,16.7,
Ruiz, Esteury,665923,2022,23,36,.205,.255,.197,.216,.227,.050,.229,.253,73,19.2,3.6,
Gimenez, Andres,665926,2022,23,557,.257,.400,.364,.326,.336,.143,.422,.368,87.8,11.7,6.2,
Aranda, Jonathan,666018,2022,24,87,.205,.348,.264,.279,.289,.143,.312,.337,91.1,5.9,7.3,
Jones, Nolan,666134,2022,24,94,.254,.436,.297,.325,.317,.182,.415,.461,89.3,15.9,14.5,
Kirilloff, Alex,666135,2022,24,156,.232,.369,.286,.282,.274,.138,.346,.340,89.3,6.1,6.4,
Lowe, Josh,666139,2022,24,198,.212,.339,.276,.272,.276,.127,.380,.373,88.3,11.4,5.2,
Lux, Gavin,666158,2022,24,471,.247,.372,.328,.314,.325,.124,.372,.351,88,6.8,6.1,
Moniak, Mickey,666160,2022,24,112,.155,.262,.223,.203,.193,.107,.344,.307,84.9,19.1,7.9,
Adell, Jo,666176,2022,23,285,.201,.315,.278,.251,.245,.114,.423,.375,87.4,16.7,9.9,
Beer, Seth,666179,2022,25,126,.215,.315,.239,.276,.302,.101,.258,.315,85.9,10.7,3.7,
Benson, Will,666181,2022,24,61,.181,.228,.212,.224,.249,.048,.256,.276,84.2,10.4,0,
Bichette, Bo,666182,2022,24,697,.278,.444,.347,.334,.322,.166,.426,.408,91.9,8.5,9.6,
Carlson, Dylan,666185,2022,23,488,.234,.355,.306,.301,.316,.121,.333,.326,86.1,12.9,4.4,
Trammell, Taylor,666211,2022,24,117,.206,.357,.300,.292,.294,.151,.369,.356,88.3,20.5,9.9,
Encarnacion, Jerar,666464,2022,24,81,.184,.296,.236,.231,.220,.112,.371,.362,90.5,8,6.5,
Morel, Christopher,666624,2022,23,425,.233,.435,.322,.324,.307,.202,.441,.447,89.6,9.1,13.4,
Castro, Rodolfo,666801,2022,23,278,.210,.354,.314,.280,.276,.144,.395,.344,87.3,11.7,6.7,
Dalbec, Bobby,666915,2022,27,353,.216,.379,.287,.296,.287,.163,.390,.406,90.3,15.2,11.8,
Aguilar, Ryan,666922,2022,27,26,.131,.202,.197,.204,.228,.071,.337,.356,93.3,10.5,0,
Garcia, Adolis,666969,2022,29,657,.244,.447,.324,.322,.296,.204,.425,.422,92.1,13.2,12.9,
Gurriel Jr., Lourdes,666971,2022,28,493,.273,.400,.327,.321,.328,.127,.364,.356,90.6,10.9,3.8,
Rooker Jr., Brent,667670,2022,27,36,.183,.306,.186,.264,.274,.123,.186,.321,87.8,13.5,4.8,
Walker, Steele,667727,2022,25,16,.219,.401,.216,.317,.317,.182,.207,.370,88.2,19.4,20,
Arozarena, Randy,668227,2022,27,645,.234,.382,.336,.301,.301,.148,.411,.360,89.9,8.8,7.9,
Pratto, Nick,668472,2022,23,182,.173,.322,.287,.267,.266,.149,.401,.364,86,19.7,12.5,
Barrera, Tres,668663,2022,27,53,.167,.214,.187,.187,.199,.047,.245,.245,81.8,21.4,0,
Bleday, JJ,668709,2022,24,238,.190,.315,.266,.280,.297,.126,.296,.320,86.3,25,8.6,
Steer, Spencer,668715,2022,24,108,.206,.304,.287,.278,.302,.098,.318,.305,84.7,13.6,5.8,
Henry, Payton,668721,2022,25,35,.187,.203,.241,.279,.350,.016,.177,.244,79.5,-7.4,0,
Baddoo, Akil,668731,2022,23,225,.192,.270,.256,.253,.278,.078,.301,.295,85,14.2,3.6,
Mitchell, Cal,668751,2022,23,232,.238,.358,.281,.292,.297,.121,.326,.341,89.9,7.5,4.9,
Knizner, Andrew,668800,2022,27,293,.219,.306,.275,.280,.305,.087,.293,.300,86,15.6,3.5,
Reynolds, Bryan,668804,2022,27,614,.249,.416,.349,.329,.334,.167,.416,.385,90.2,12,7.9,
Capel, Conner,668843,2022,25,59,.286,.438,.371,.339,.338,.152,.419,.376,87.6,7.9,6.8,
Vientos, Mark,668901,2022,22,41,.187,.329,.252,.280,.286,.143,.286,.335,93.3,13.1,8.3,
Lewis, Royce,668904,2022,23,41,.274,.445,.370,.319,.292,.172,.414,.354,90.7,19.4,5.7,
Rutschman, Adley,668939,2022,24,470,.248,.411,.354,.342,.358,.163,.377,.359,87.9,15.6,7.9,
Rojas, Josh,668942,2022,28,510,.242,.365,.326,.308,.327,.123,.360,.334,88.8,11.9,4.5,
Kreidler, Ryan,668952,2022,24,84,.211,.340,.218,.273,.276,.130,.246,.331,88.2,14.8,7.3,
Mitchell, Garrett,669003,2022,23,68,.187,.339,.365,.266,.260,.152,.615,.414,92.9,9.5,11.8,
Melendez Jr., MJ,669004,2022,23,534,.237,.410,.310,.332,.334,.173,.357,.392,90.7,15.1,10.4,
Marsh, Brandon,669016,2022,24,461,.226,.372,.296,.287,.279,.146,.426,.410,89.2,10.9,7.4,
Downs, Jeter,669023,2022,23,41,.137,.181,.184,.153,.158,.044,.362,.293,82.9,19,0,
Stowers, Kyle,669065,2022,24,98,.266,.447,.316,.335,.319,.181,.421,.450,91.1,16,11.3,
Huff, Sam,669087,2022,24,132,.226,.385,.296,.294,.290,.159,.404,.400,88.9,9.7,10.1,
Langeliers, Shea,669127,2022,24,153,.200,.345,.296,.261,.247,.144,.429,.372,87.3,16.9,9.9,
Campusano, Luis,669134,2022,23,50,.230,.355,.257,.258,.241,.125,.320,.321,87.7,16.4,5.3,
Murphy, Sean,669221,2022,27,612,.255,.439,.331,.344,.340,.184,.371,.390,88.7,11.5,10.5,
Senzel, Nick,669222,2022,27,420,.249,.355,.272,.299,.313,.106,.291,.329,87.2,11.7,3.3,
Edman, Tommy,669242,2022,27,630,.258,.380,.318,.308,.318,.122,.354,.341,88.6,8.7,6.2,
Solak, Nick,669256,2022,27,95,.242,.409,.291,.335,.338,.168,.301,.366,86.7,5.7,7.8,
Smith, Will,669257,2022,27,578,.257,.473,.349,.352,.341,.216,.378,.382,89.9,18.4,10.3,
Suwinski, Jack,669261,2022,23,372,.204,.393,.311,.307,.300,.189,.399,.392,88.3,14.3,12.2,
Espinal, Santiago,669289,2022,27,491,.263,.348,.305,.298,.319,.085,.322,.313,86.1,14.1,3.4,
Miranda, Jose,669304,2022,24,483,.253,.410,.329,.317,.312,.157,.374,.358,89.3,13.8,6.2,
Thompson, Bubba,669352,2022,24,181,.171,.234,.274,.203,.212,.064,.376,.263,84.8,5.3,1.7,
Gorman, Nolan,669357,2022,22,313,.239,.476,.316,.341,.312,.237,.434,.479,89.2,20,14.4,
Johnson, Bryce,669369,2022,26,19,.163,.187,.129,.181,.207,.024,.161,.250,82.6,13.5,0,
Hiura, Keston,669374,2022,25,266,.205,.425,.334,.317,.297,.221,.542,.507,91.7,16.1,15.3,
Burger, Jake,669394,2022,26,183,.225,.460,.327,.318,.281,.235,.449,.438,90.7,12.3,14.9,
Allen, Nick,669397,2022,23,326,.210,.266,.245,.238,.259,.056,.273,.264,83.9,7.6,1.2,
Hummel, Cooper,669450,2022,27,201,.210,.332,.262,.292,.307,.122,.320,.374,87.6,7.7,7.1,
Smith, Josh H.,669701,2022,24,253,.224,.313,.262,.296,.330,.090,.249,.301,87,19.2,2.4,
Hays, Austin,669720,2022,26,582,.240,.372,.314,.298,.298,.132,.359,.337,87.7,11.3,5.2,
Hall, Darick,669742,2022,26,142,.232,.462,.343,.312,.264,.230,.484,.436,91.4,18.6,17.4,
Call, Alex,669743,2022,27,131,.209,.290,.332,.279,.311,.081,.377,.294,86.3,18.4,1.2,
Toglia, Michael,669911,2022,23,120,.218,.305,.285,.261,.276,.088,.419,.375,87.4,17,7.5,
Lopez, Nicky,670032,2022,27,480,.243,.312,.251,.273,.296,.069,.254,.282,84.9,4.9,1.6,
Raley, Luke,670042,2022,27,72,.177,.296,.271,.286,.298,.119,.330,.357,90.1,16.9,13.2,
Short, Zack,670097,2022,27,13,.112,.269,.106,.232,.245,.157,.000,.273,91.8,39.8,33.3,
Mastrobuoni, Miles,670156,2022,26,17,.160,.195,.196,.186,.210,.035,.265,.248,86.3,-2.2,0,
Wallner, Matt,670242,2022,24,65,.175,.265,.311,.245,.277,.090,.469,.338,87.5,12.9,9.4,
Stevenson, Cal,670276,2022,25,71,.208,.309,.224,.277,.298,.102,.262,.358,87.6,10.6,5,
Rojas, Jose,670351,2022,29,57,.167,.231,.134,.182,.182,.064,.188,.264,84.8,27.9,2.7,
Alvarez, Yordan,670541,2022,25,561,.329,.672,.427,.462,.430,.343,.495,.548,95.2,12.3,21,
Paredes, Isaac,670623,2022,23,381,.210,.348,.323,.297,.310,.138,.338,.301,87.4,15.8,6.4,
Brosseau, Mike,670712,2022,28,160,.213,.359,.338,.300,.307,.146,.439,.373,89.1,14.6,8.6,
Walls, Taylor,670764,2022,25,466,.196,.304,.252,.270,.290,.108,.275,.304,86.3,16.6,6.2,
Gonzalez, Luis,670768,2022,26,350,.215,.306,.302,.268,.289,.091,.342,.294,86.9,10.9,2.9,
Friedl Jr., TJ,670770,2022,26,258,.215,.335,.323,.283,.295,.119,.338,.284,87.2,19.8,4.7,
Soto, Livan,670869,2022,22,59,.281,.334,.424,.283,.303,.053,.540,.352,83.8,19.8,0,
Herrera, Ivan,671056,2022,22,22,.113,.140,.150,.164,.193,.027,.161,.188,85.2,8.1,0,
Kennedy, Buddy,671083,2022,23,94,.196,.280,.271,.255,.275,.085,.311,.286,88.6,13,1.6,
Casas, Triston,671213,2022,22,95,.193,.356,.344,.325,.354,.163,.369,.336,86,2.2,7.5,
Ramos, Heliot,671218,2022,22,22,.211,.366,.143,.290,.283,.154,.126,.357,87.4,1.7,7.1,
Waters, Drew,671221,2022,23,109,.195,.376,.347,.293,.285,.180,.522,.418,84.1,10.4,12.5,
Garcia, Luis,671277,2022,22,377,.260,.409,.303,.305,.285,.149,.378,.381,87.3,5.5,7.5,
Freeman, Tyler,671289,2022,23,86,.229,.286,.274,.270,.302,.057,.268,.263,85.9,10.3,1.5,
Harris II, Michael,671739,2022,21,441,.268,.460,.368,.335,.312,.192,.468,.422,89.5,4.5,10.1,
Siani, Michael,672279,2022,22,24,.163,.206,.147,.160,.163,.043,.208,.226,81,30.7,0,
Kelenic, Jarred,672284,2022,22,181,.172,.351,.238,.269,.252,.179,.303,.358,86,18,13.6,
Arias, Gabriel,672356,2022,22,57,.197,.296,.294,.290,.326,.099,.330,.323,88.8,-0.6,6.3,
Kirk, Alejandro,672386,2022,23,541,.278,.431,.347,.351,.367,.153,.342,.347,90.5,8.1,6.7,
Diaz, Jordan,672478,2022,21,51,.208,.273,.275,.229,.239,.064,.301,.245,86.9,-4.8,0,
Moreno, Gabriel,672515,2022,22,73,.274,.362,.326,.299,.314,.088,.344,.313,89.2,5.9,3.3,
Garcia, Maikel,672580,2022,22,23,.229,.274,.315,.242,.262,.045,.386,.287,85.9,3.3,0,
Lopez, Otto,672640,2022,23,10,.283,.308,.599,.302,.354,.025,.663,.292,85.5,4.2,0,
Perdomo, Geraldo,672695,2022,22,500,.213,.282,.253,.269,.302,.069,.259,.283,85,12.1,2,
Peraza, Oswald,672724,2022,22,57,.276,.374,.371,.343,.378,.097,.389,.349,81.6,5.4,5,
Marcano, Tucupita,672779,2022,22,177,.176,.243,.249,.213,.228,.068,.301,.248,84.7,11.1,1.6,
Sosa, Lenyn,672820,2022,22,36,.193,.346,.161,.243,.215,.153,.222,.351,86.6,5.7,8.7,
Pineda, Israel,672832,2022,22,14,.091,.112,.112,.131,.156,.021,.147,.191,88.9,7.2,0,
Robert Jr., Luis,673357,2022,24,401,.272,.449,.324,.327,.307,.178,.383,.387,89.3,10,8.9,
Kim, Ha-Seong,673490,2022,26,582,.250,.368,.313,.309,.324,.119,.335,.330,86.7,16.1,4.2,
Suzuki, Seiya,673548,2022,27,446,.247,.419,.334,.327,.325,.172,.408,.397,89.6,11.2,11,
Jung, Josh,673962,2022,24,102,.225,.403,.280,.287,.255,.178,.438,.450,85.5,14.3,10.2,
Smith, Kevin,675656,2022,25,151,.189,.322,.226,.239,.225,.133,.289,.308,87,16.4,7.8,
Velazquez, Nelson,676369,2022,23,206,.209,.399,.291,.305,.291,.190,.379,.405,89.2,12.3,13.3,
Clement, Ernie,676391,2022,26,179,.235,.328,.209,.277,.290,.093,.203,.290,85,11.8,3.6,
Burleson, Alec,676475,2022,23,53,.248,.415,.245,.322,.319,.167,.244,.349,91.7,4,10.3,
Barrero, Jose ,676480,2022,24,174,.140,.211,.183,.180,.185,.071,.288,.284,87.5,17.7,2.2,
Bannon, Rylan,676625,2022,26,15,.127,.181,.166,.174,.185,.054,.196,.209,88.7,0.9,0,
Contreras, Mark,676628,2022,27,61,.204,.424,.189,.304,.240,.220,.267,.450,94.9,13.9,31.6,
Madris, Bligh,676632,2022,26,123,.211,.309,.231,.262,.275,.098,.262,.309,88.9,10.5,4.9,
Reks, Zach,676646,2022,28,34,.223,.309,.245,.230,.223,.085,.347,.325,86.3,19,0,
Meyers, Jake,676694,2022,26,160,.205,.292,.258,.251,.254,.086,.360,.351,87.3,7.2,5.2,
Trejo, Alan,676701,2022,26,125,.242,.375,.321,.291,.285,.133,.406,.362,86.2,13.6,4.6,
Young, Jared,676724,2022,26,22,.234,.360,.329,.315,.338,.126,.431,.406,90.7,9.3,8.3,
McCormick, Chas,676801,2022,27,407,.232,.414,.326,.325,.321,.183,.395,.393,88.1,12.8,10.2,
Batten, Matthew,676946,2022,27,22,.193,.251,.193,.262,.303,.058,.165,.282,86.3,3.4,0,
MacKinnon, David,676950,2022,27,57,.208,.280,.181,.259,.289,.072,.182,.313,85,8.2,2.9,
Franco, Wander,677551,2022,21,344,.285,.408,.323,.331,.340,.123,.329,.338,87.3,8.2,4.6,
Rodriguez, Julio,677594,2022,21,560,.254,.460,.366,.337,.319,.206,.471,.428,92,10.1,13.1,
Duran, Ezequiel,677649,2022,23,220,.216,.317,.282,.256,.259,.101,.349,.313,85.9,9.5,4.5,
Thomas, Alek,677950,2022,22,411,.238,.335,.272,.277,.285,.097,.303,.310,87.4,2.6,3.8,
Witt Jr., Bobby,677951,2022,22,632,.252,.427,.311,.313,.294,.174,.374,.377,89.7,16.8,8.7,
Groshans, Jordan,677954,2022,22,65,.234,.305,.278,.263,.281,.071,.319,.299,87.1,5,2.1,
Bae, Ji Hwan,678225,2022,22,37,.236,.261,.370,.273,.318,.025,.402,.270,83.2,4.4,0,
Vargas, Miguel,678246,2022,22,50,.205,.338,.200,.257,.241,.133,.247,.327,89.7,25.9,8.6,
Tovar, Ezequiel,678662,2022,20,35,.249,.390,.261,.300,.292,.141,.323,.380,88.6,8.5,12.5,
Torkelson, Spencer,679529,2022,22,404,.226,.378,.272,.305,.307,.151,.307,.358,90.5,15,8.4,
Vavra, Terrin,679631,2022,25,103,.264,.353,.303,.318,.348,.089,.319,.340,87.5,10.7,1.4,
Palacios, Richie,680700,2022,25,123,.244,.310,.258,.277,.308,.066,.271,.296,85,13.5,1.1,
Kwan, Steven,680757,2022,24,638,.268,.341,.341,.312,.348,.073,.335,.298,85.1,11.8,1.4,
Duran, Jarren,680776,2022,25,223,.219,.353,.284,.282,.281,.134,.358,.355,89.3,7.6,7.7,
Jeffers, Ryan,680777,2022,25,236,.218,.424,.287,.315,.295,.206,.345,.388,88.2,18.2,13.2,
Burdick, Peyton,680814,2022,25,102,.205,.387,.294,.296,.283,.182,.404,.408,90,18,10.5,
Miller, Owen,680911,2022,25,472,.246,.341,.287,.291,.307,.095,.320,.325,85.8,10.1,3.5,
Donovan, Brendan,680977,2022,25,468,.266,.365,.349,.339,.381,.099,.346,.332,87.7,6,3.4,
Stott, Bryson,681082,2022,24,466,.237,.340,.289,.284,.297,.103,.321,.315,88.1,13.1,4.4,
Bride, Jonah,681146,2022,26,187,.217,.300,.257,.282,.314,.084,.243,.278,86.9,11.5,1.5,
O'Hoppe, Logan,681351,2022,22,16,.232,.292,.307,.285,.328,.060,.321,.289,84.3,24.6,0,
Carpenter, Kerry,681481,2022,24,113,.209,.394,.342,.292,.271,.186,.449,.371,87.2,14.5,11.1,
Lavastida, Bryan,681526,2022,23,15,.112,.125,.197,.221,.289,.013,.110,.155,87.6,6.2,0,
Outman, James,681546,2022,25,16,.218,.324,.584,.319,.364,.106,1.208,.501,99.6,16.5,0,
Villar, David,681584,2022,25,181,.189,.327,.344,.285,.296,.139,.460,.353,86.8,17.8,9.1,
Eaton, Nate,681987,2022,25,122,.233,.352,.313,.297,.307,.120,.375,.350,85.8,13.6,5,
Hensley, David,682073,2022,26,34,.254,.432,.440,.353,.364,.178,.500,.371,90.3,-0.4,4.3,
Alvarez, Francisco,682626,2022,20,14,.252,.654,.336,.420,.358,.402,.417,.562,89.1,15.3,37.5,
Abrams, CJ,682928,2022,21,302,.241,.316,.267,.266,.277,.075,.298,.297,86.5,6.8,2.1,
Greene, Riley,682985,2022,21,418,.246,.388,.303,.316,.318,.142,.384,.406,89.5,2.8,9.3,
Carroll, Corbin,682998,2022,21,115,.221,.359,.358,.293,.295,.138,.458,.356,85.8,9.1,5.5,
Henderson, Gunnar,683002,2022,21,132,.250,.432,.343,.338,.341,.181,.422,.415,92.4,2,9.8,
Stefanic, Michael,683021,2022,26,69,.217,.279,.239,.266,.297,.062,.232,.269,84.8,5,2,
Baty, Brett,683146,2022,22,42,.287,.414,.260,.332,.339,.127,.285,.384,91.1,10,6.7,
Vaughn, Andrew,683734,2022,24,555,.255,.415,.327,.319,.311,.160,.366,.357,90.8,7.5,7.9,
Pasquantino, Vinnie,686469,2022,24,298,.289,.476,.365,.374,.380,.187,.367,.379,91.2,12.1,8.8,
Lee, Korey,686676,2022,23,26,.105,.126,.192,.120,.139,.021,.268,.153,83.6,10.5,0,
Massey, Michael,686681,2022,24,194,.243,.450,.302,.332,.310,.207,.357,.402,89.3,16.4,13,
Brennan, Will,686823,2022,24,45,.282,.415,.385,.320,.331,.133,.409,.334,89.8,5.4,5.3,
Grissom, Vaughn,687093,2022,21,156,.259,.412,.345,.326,.328,.153,.412,.385,84.6,9,7.4,